shipment_id,order_id,tracking_no,carrier_name,transport_mode,origin_hub,destination_city,destination_region,current_status,current_node_label,customs_status,current_node_detail,last_update_at,eta_start,eta_end,outbound_at,customs_released_at,delivered_at,abnormal_flag,abnormal_reason,tracking_summary
SHP-0001,ORD-2026-0001,TRK2026030001,OceanBridge,sea,新加坡港口集货仓,上海,华东,delivered,末端签收完成,released,签收成功，建议引导确认是否存在外观/功能问题,2026-03-02T09:35:00,2026-03-18T09:35:00,2026-03-27T09:35:00,2026-03-02T09:35:00,2026-03-15T09:35:00,2026-03-19 09:35:00,none,,TRK2026030001 当前处于 末端签收完成，客服可引用运输说明卡稳定预期。
SHP-0002,ORD-2026-0002,TRK2026030002,OceanBridge,sea,新加坡港口集货仓,杭州,华东,delivered,末端签收完成,released,签收成功，建议引导确认是否存在外观/功能问题,2026-03-04T03:35:00,2026-03-19T03:35:00,2026-03-28T03:35:00,2026-03-03T03:35:00,2026-03-16T03:35:00,2026-03-20 03:35:00,none,,TRK2026030002 当前处于 末端签收完成，客服可引用运输说明卡稳定预期。
SHP-0003,ORD-2026-0003,TRK2026030003,OceanBridge,sea,新加坡港口集货仓,苏州,华东,delivered,末端签收完成,released,签收成功，建议引导确认是否存在外观/功能问题,2026-03-05T21:35:00,2026-03-19T21:35:00,2026-03-28T21:35:00,2026-03-03T21:35:00,2026-03-16T21:35:00,2026-03-20 21:35:00,none,,TRK2026030003 当前处于 末端签收完成，客服可引用运输说明卡稳定预期。
SHP-0004,ORD-2026-0004,TRK2026030004,OceanBridge,sea,新加坡港口集货仓,北京,华北,in_transit,干线运输中,released,跨境运输途中，暂无异常,2026-03-07T15:35:00,2026-03-20T15:35:00,2026-03-29T15:35:00,2026-03-04T15:35:00,2026-03-17T15:35:00,,none,,TRK2026030004 当前处于 干线运输中，客服可引用运输说明卡稳定预期。
SHP-0005,ORD-2026-0005,TRK2026030005,OceanBridge,sea,新加坡港口集货仓,天津,华北,in_transit,干线运输中,released,跨境运输途中，暂无异常,2026-03-09T09:35:00,2026-03-21T09:35:00,2026-03-30T09:35:00,2026-03-05T09:35:00,2026-03-18T09:35:00,,none,,TRK2026030005 当前处于 干线运输中，客服可引用运输说明卡稳定预期。
SHP-0006,ORD-2026-0006,TRK2026030006,OceanBridge,sea,新加坡港口集货仓,深圳,华南,customs_clearance,清关处理中,pending,等待清关放行，属于正常耗时节点,2026-03-11T03:35:00,2026-03-22T03:35:00,2026-03-31T03:35:00,2026-03-06T03:35:00,2026-03-19T03:35:00,,none,,TRK2026030006 当前处于 清关处理中，客服可引用运输说明卡稳定预期。
SHP-0007,ORD-2026-0007,TRK2026030007,OceanBridge,sea,新加坡/马来西亚港口集货仓,广州,华南,out_for_delivery,国内派送中,released,末端快递已派件,2026-03-12T21:35:00,2026-03-22T21:35:00,2026-03-31T21:35:00,2026-03-06T21:35:00,2026-03-19T21:35:00,,none,,TRK2026030007 当前处于 国内派送中，客服可引用运输说明卡稳定预期。
SHP-0008,ORD-2026-0008,TRK2026030008,OceanBridge,sea,新加坡/马来西亚港口集货仓,厦门,华南,label_created,等待干线出库,pending,订单已建单，等待仓库出库,2026-03-14T15:35:00,2026-03-23T15:35:00,2026-04-01T15:35:00,2026-03-07T15:35:00,2026-03-20T15:35:00,,none,,TRK2026030008 当前处于 等待干线出库，客服可引用运输说明卡稳定预期。
SHP-0009,ORD-2026-0009,TRK2026030009,OceanBridge,sea,新加坡/马来西亚港口集货仓,成都,西南,exception,物流异常待复核,pending,出现箱体破损或转运延迟，需要人工排查,2026-03-16T09:35:00,2026-03-24T09:35:00,2026-04-02T09:35:00,2026-03-08T09:35:00,2026-03-21T09:35:00,,delay,箱体压痕待核查,TRK2026030009 当前处于 物流异常待复核，客服可引用运输说明卡稳定预期。
SHP-0010,ORD-2026-0010,TRK2026030010,OceanBridge,sea,新加坡/马来西亚港口集货仓,重庆,西南,cancelled,订单已取消,pending,用户取消或支付失败后终止发运,2026-03-18T03:35:00,2026-03-25T03:35:00,2026-04-03T03:35:00,2026-03-09T03:35:00,2026-03-22T03:35:00,,cancel,,TRK2026030010 当前处于 订单已取消，客服可引用运输说明卡稳定预期。
SHP-0011,ORD-2026-0011,TRK2026030011,OceanBridge,sea,新加坡/马来西亚港口集货仓,上海,华东,delivered,末端签收完成,released,签收成功，建议引导确认是否存在外观/功能问题,2026-03-19T21:35:00,2026-03-25T21:35:00,2026-04-03T21:35:00,2026-03-09T21:35:00,2026-03-22T21:35:00,2026-03-26 21:35:00,none,,TRK2026030011 当前处于 末端签收完成，客服可引用运输说明卡稳定预期。
SHP-0012,ORD-2026-0012,TRK2026030012,OceanBridge,sea,新加坡/马来西亚港口集货仓,杭州,华东,delivered,末端签收完成,released,签收成功，建议引导确认是否存在外观/功能问题,2026-03-10T15:35:00,2026-03-26T15:35:00,2026-04-04T15:35:00,2026-03-10T15:35:00,2026-03-23T15:35:00,2026-03-27 15:35:00,none,,TRK2026030012 当前处于 末端签收完成，客服可引用运输说明卡稳定预期。
SHP-0013,ORD-2026-0013,TRK2026030013,OceanBridge,sea,新加坡/马来西亚港口集货仓,苏州,华东,delivered,末端签收完成,released,签收成功，建议引导确认是否存在外观/功能问题,2026-03-12T09:35:00,2026-03-27T09:35:00,2026-04-05T09:35:00,2026-03-11T09:35:00,2026-03-24T09:35:00,2026-03-28 09:35:00,none,,TRK2026030013 当前处于 末端签收完成，客服可引用运输说明卡稳定预期。
SHP-0014,ORD-2026-0014,TRK2026030014,OceanBridge,sea,新加坡/马来西亚港口集货仓,北京,华北,in_transit,干线运输中,released,跨境运输途中，暂无异常,2026-03-14T03:35:00,2026-03-28T03:35:00,2026-04-06T03:35:00,2026-03-12T03:35:00,2026-03-25T03:35:00,,none,,TRK2026030014 当前处于 干线运输中，客服可引用运输说明卡稳定预期。
SHP-0015,ORD-2026-0015,TRK2026030015,OceanBridge,sea,新加坡/马来西亚港口集货仓,天津,华北,in_transit,干线运输中,released,跨境运输途中，暂无异常,2026-03-15T21:35:00,2026-03-28T21:35:00,2026-04-06T21:35:00,2026-03-12T21:35:00,2026-03-25T21:35:00,,none,,TRK2026030015 当前处于 干线运输中，客服可引用运输说明卡稳定预期。
SHP-0016,ORD-2026-0016,TRK2026030016,OceanBridge,sea,新加坡/马来西亚港口集货仓,深圳,华南,customs_clearance,清关处理中,pending,等待清关放行，属于正常耗时节点,2026-03-17T15:35:00,2026-03-29T15:35:00,2026-04-07T15:35:00,2026-03-13T15:35:00,2026-03-26T15:35:00,,none,,TRK2026030016 当前处于 清关处理中，客服可引用运输说明卡稳定预期。
SHP-0017,ORD-2026-0017,TRK2026030017,OceanBridge,sea,新加坡/马来西亚港口集货仓,广州,华南,out_for_delivery,国内派送中,released,末端快递已派件,2026-03-19T09:35:00,2026-03-30T09:35:00,2026-04-08T09:35:00,2026-03-14T09:35:00,2026-03-27T09:35:00,,none,,TRK2026030017 当前处于 国内派送中，客服可引用运输说明卡稳定预期。
SHP-0018,ORD-2026-0018,TRK2026030018,OceanBridge,sea,新加坡/马来西亚港口集货仓,厦门,华南,label_created,等待干线出库,pending,订单已建单，等待仓库出库,2026-03-21T03:35:00,2026-03-31T03:35:00,2026-04-09T03:35:00,2026-03-15T03:35:00,2026-03-28T03:35:00,,none,,TRK2026030018 当前处于 等待干线出库，客服可引用运输说明卡稳定预期。
SHP-0019,ORD-2026-0019,TRK2026030019,OceanBridge,sea,新加坡/马来西亚港口集货仓,成都,西南,exception,物流异常待复核,pending,出现箱体破损或转运延迟，需要人工排查,2026-03-22T21:35:00,2026-03-31T21:35:00,2026-04-09T21:35:00,2026-03-15T21:35:00,2026-03-28T21:35:00,,delay,箱体压痕待核查,TRK2026030019 当前处于 物流异常待复核，客服可引用运输说明卡稳定预期。
SHP-0020,ORD-2026-0020,TRK2026030020,OceanBridge,sea,新加坡/马来西亚港口集货仓,重庆,西南,cancelled,订单已取消,pending,用户取消或支付失败后终止发运,2026-03-24T15:35:00,2026-04-01T15:35:00,2026-04-10T15:35:00,2026-03-16T15:35:00,2026-03-29T15:35:00,,cancel,,TRK2026030020 当前处于 订单已取消，客服可引用运输说明卡稳定预期。
SHP-0021,ORD-2026-0021,TRK2026030021,OceanBridge,sea,新加坡/马来西亚港口集货仓,上海,华东,delivered,末端签收完成,released,签收成功，建议引导确认是否存在外观/功能问题,2026-03-26T09:35:00,2026-04-02T09:35:00,2026-04-11T09:35:00,2026-03-17T09:35:00,2026-03-30T09:35:00,2026-04-03 09:35:00,none,,TRK2026030021 当前处于 末端签收完成，客服可引用运输说明卡稳定预期。
SHP-0022,ORD-2026-0022,TRK2026030022,OceanBridge,sea,新加坡/马来西亚港口集货仓,杭州,华东,delivered,末端签收完成,released,签收成功，建议引导确认是否存在外观/功能问题,2026-03-28T03:35:00,2026-04-03T03:35:00,2026-04-12T03:35:00,2026-03-18T03:35:00,2026-03-31T03:35:00,2026-04-04 03:35:00,none,,TRK2026030022 当前处于 末端签收完成，客服可引用运输说明卡稳定预期。
SHP-0023,ORD-2026-0023,TRK2026030023,OceanBridge,sea,新加坡/马来西亚港口集货仓,苏州,华东,delivered,末端签收完成,released,签收成功，建议引导确认是否存在外观/功能问题,2026-03-18T21:35:00,2026-04-03T21:35:00,2026-04-12T21:35:00,2026-03-18T21:35:00,2026-03-31T21:35:00,2026-04-04 21:35:00,none,,TRK2026030023 当前处于 末端签收完成，客服可引用运输说明卡稳定预期。
SHP-0024,ORD-2026-0024,TRK2026030024,OceanBridge,sea,新加坡/马来西亚港口集货仓,北京,华北,in_transit,干线运输中,released,跨境运输途中，暂无异常,2026-03-20T15:35:00,2026-04-04T15:35:00,2026-04-13T15:35:00,2026-03-19T15:35:00,2026-04-01T15:35:00,,none,,TRK2026030024 当前处于 干线运输中，客服可引用运输说明卡稳定预期。
SHP-0025,ORD-2026-0025,TRK2026030025,OceanBridge,sea,新加坡/马来西亚港口集货仓,天津,华北,in_transit,干线运输中,released,跨境运输途中，暂无异常,2026-03-22T09:35:00,2026-04-05T09:35:00,2026-04-14T09:35:00,2026-03-20T09:35:00,2026-04-02T09:35:00,,none,,TRK2026030025 当前处于 干线运输中，客服可引用运输说明卡稳定预期。
SHP-0026,ORD-2026-0026,TRK2026030026,OceanBridge,sea,新加坡/马来西亚港口集货仓,深圳,华南,customs_clearance,清关处理中,pending,等待清关放行，属于正常耗时节点,2026-03-24T03:35:00,2026-04-06T03:35:00,2026-04-15T03:35:00,2026-03-21T03:35:00,2026-04-03T03:35:00,,none,,TRK2026030026 当前处于 清关处理中，客服可引用运输说明卡稳定预期。
SHP-0027,ORD-2026-0027,TRK2026030027,OceanBridge,sea,新加坡/马来西亚港口集货仓,广州,华南,out_for_delivery,国内派送中,released,末端快递已派件,2026-03-25T21:35:00,2026-04-06T21:35:00,2026-04-15T21:35:00,2026-03-21T21:35:00,2026-04-03T21:35:00,,none,,TRK2026030027 当前处于 国内派送中，客服可引用运输说明卡稳定预期。
SHP-0028,ORD-2026-0028,TRK2026030028,OceanBridge,sea,新加坡/马来西亚港口集货仓,厦门,华南,label_created,等待干线出库,pending,订单已建单，等待仓库出库,2026-03-27T15:35:00,2026-04-07T15:35:00,2026-04-16T15:35:00,2026-03-22T15:35:00,2026-04-04T15:35:00,,none,,TRK2026030028 当前处于 等待干线出库，客服可引用运输说明卡稳定预期。
SHP-0029,ORD-2026-0029,TRK2026030029,OceanBridge,sea,新加坡/马来西亚港口集货仓,成都,西南,exception,物流异常待复核,pending,出现箱体破损或转运延迟，需要人工排查,2026-03-29T09:35:00,2026-04-08T09:35:00,2026-04-17T09:35:00,2026-03-23T09:35:00,2026-04-05T09:35:00,,delay,箱体压痕待核查,TRK2026030029 当前处于 物流异常待复核，客服可引用运输说明卡稳定预期。
SHP-0030,ORD-2026-0030,TRK2026030030,OceanBridge,sea,新加坡/马来西亚港口集货仓,重庆,西南,cancelled,订单已取消,pending,用户取消或支付失败后终止发运,2026-03-31T03:35:00,2026-04-09T03:35:00,2026-04-18T03:35:00,2026-03-24T03:35:00,2026-04-06T03:35:00,,cancel,,TRK2026030030 当前处于 订单已取消，客服可引用运输说明卡稳定预期。
SHP-0031,ORD-2026-0031,TRK2026030031,AeroLink,bonded_warehouse_prestocked,宁波/郑州保税仓（前置）,上海,华东,delivered,末端签收完成,released,签收成功，建议引导确认是否存在外观/功能问题,2026-03-30T21:35:00,2026-03-28T21:35:00,2026-03-31T21:35:00,2026-03-24T21:35:00,2026-03-25T21:35:00,2026-03-29 21:35:00,none,,TRK2026030031 当前处于 末端签收完成，客服可引用运输说明卡稳定预期。
SHP-0032,ORD-2026-0032,TRK2026030032,AeroLink,bonded_warehouse_prestocked,宁波/郑州保税仓（前置）,杭州,华东,delivered,末端签收完成,released,签收成功，建议引导确认是否存在外观/功能问题,2026-03-31T15:35:00,2026-03-29T15:35:00,2026-04-01T15:35:00,2026-03-25T15:35:00,2026-03-26T15:35:00,2026-03-30 15:35:00,none,,TRK2026030032 当前处于 末端签收完成，客服可引用运输说明卡稳定预期。
SHP-0033,ORD-2026-0033,TRK2026030033,AeroLink,bonded_warehouse_prestocked,宁波/郑州保税仓（前置）,苏州,华东,delivered,末端签收完成,released,签收成功，建议引导确认是否存在外观/功能问题,2026-04-01T09:35:00,2026-03-30T09:35:00,2026-04-02T09:35:00,2026-03-26T09:35:00,2026-03-27T09:35:00,2026-03-31 09:35:00,none,,TRK2026030033 当前处于 末端签收完成，客服可引用运输说明卡稳定预期。
SHP-0034,ORD-2026-0034,TRK2026030034,AeroLink,bonded_warehouse_prestocked,宁波/郑州保税仓（前置）,北京,华北,in_transit,干线运输中,released,跨境运输途中，暂无异常,2026-03-27T03:35:00,2026-03-31T03:35:00,2026-04-03T03:35:00,2026-03-27T03:35:00,2026-03-28T03:35:00,,none,,TRK2026030034 当前处于 干线运输中，客服可引用运输说明卡稳定预期。
SHP-0035,ORD-2026-0035,TRK2026030035,AeroLink,bonded_warehouse_prestocked,宁波/郑州保税仓（前置）,天津,华北,in_transit,干线运输中,released,跨境运输途中，暂无异常,2026-03-28T21:35:00,2026-03-31T21:35:00,2026-04-03T21:35:00,2026-03-27T21:35:00,2026-03-28T21:35:00,,none,,TRK2026030035 当前处于 干线运输中，客服可引用运输说明卡稳定预期。
SHP-0036,ORD-2026-0036,TRK2026030036,AeroLink,bonded_warehouse_prestocked,宁波/郑州保税仓（前置）,深圳,华南,customs_clearance,清关处理中,pending,等待清关放行，属于正常耗时节点,2026-03-30T15:35:00,2026-04-01T15:35:00,2026-04-04T15:35:00,2026-03-28T15:35:00,2026-03-29T15:35:00,,none,,TRK2026030036 当前处于 清关处理中，客服可引用运输说明卡稳定预期。
SHP-0037,ORD-2026-0037,TRK2026030037,AeroLink,bonded_warehouse_prestocked,宁波/郑州保税仓（前置）,广州,华南,out_for_delivery,国内派送中,released,末端快递已派件,2026-04-01T09:35:00,2026-04-02T09:35:00,2026-04-05T09:35:00,2026-03-29T09:35:00,2026-03-30T09:35:00,,none,,TRK2026030037 当前处于 国内派送中，客服可引用运输说明卡稳定预期。
SHP-0038,ORD-2026-0038,TRK2026030038,AeroLink,bonded_warehouse_prestocked,宁波/郑州保税仓（前置）,厦门,华南,label_created,等待干线出库,pending,订单已建单，等待仓库出库,2026-04-03T03:35:00,2026-04-03T03:35:00,2026-04-06T03:35:00,2026-03-30T03:35:00,2026-03-31T03:35:00,,none,,TRK2026030038 当前处于 等待干线出库，客服可引用运输说明卡稳定预期。
SHP-0039,ORD-2026-0039,TRK2026030039,AeroLink,bonded_warehouse_prestocked,宁波/郑州保税仓（前置）,成都,西南,exception,物流异常待复核,pending,出现箱体破损或转运延迟，需要人工排查,2026-04-04T21:35:00,2026-04-03T21:35:00,2026-04-06T21:35:00,2026-03-30T21:35:00,2026-03-31T21:35:00,,delay,箱体压痕待核查,TRK2026030039 当前处于 物流异常待复核，客服可引用运输说明卡稳定预期。
SHP-0040,ORD-2026-0040,TRK2026030040,AeroLink,bonded_warehouse_prestocked,宁波/郑州保税仓（前置）,重庆,西南,cancelled,订单已取消,pending,用户取消或支付失败后终止发运,2026-04-06T15:35:00,2026-04-04T15:35:00,2026-04-07T15:35:00,2026-03-31T15:35:00,2026-04-01T15:35:00,,cancel,,TRK2026030040 当前处于 订单已取消，客服可引用运输说明卡稳定预期。
SHP-0041,ORD-2026-0041,TRK2026030041,AeroLink,bonded_warehouse_prestocked,宁波/郑州保税仓（前置）,上海,华东,delivered,末端签收完成,released,签收成功，建议引导确认是否存在外观/功能问题,2026-04-07T09:35:00,2026-04-05T09:35:00,2026-04-08T09:35:00,2026-04-01T09:35:00,2026-04-02T09:35:00,2026-04-06 09:35:00,none,,TRK2026030041 当前处于 末端签收完成，客服可引用运输说明卡稳定预期。
SHP-0042,ORD-2026-0042,TRK2026030042,AeroLink,bonded_warehouse_prestocked,宁波/郑州保税仓（前置）,杭州,华东,delivered,末端签收完成,released,签收成功，建议引导确认是否存在外观/功能问题,2026-04-08T03:35:00,2026-04-06T03:35:00,2026-04-09T03:35:00,2026-04-02T03:35:00,2026-04-03T03:35:00,2026-04-07 03:35:00,none,,TRK2026030042 当前处于 末端签收完成，客服可引用运输说明卡稳定预期。
SHP-0043,ORD-2026-0043,TRK2026030043,OceanBridge,sea,新加坡港口集货仓,苏州,华东,delivered,末端签收完成,released,签收成功，建议引导确认是否存在外观/功能问题,2026-04-11T21:35:00,2026-04-18T21:35:00,2026-04-27T21:35:00,2026-04-02T21:35:00,2026-04-15T21:35:00,2026-04-19 21:35:00,none,,TRK2026030043 当前处于 末端签收完成，客服可引用运输说明卡稳定预期。
SHP-0044,ORD-2026-0044,TRK2026030044,OceanBridge,sea,新加坡港口集货仓,北京,华北,in_transit,干线运输中,released,跨境运输途中，暂无异常,2026-04-13T15:35:00,2026-04-19T15:35:00,2026-04-28T15:35:00,2026-04-03T15:35:00,2026-04-16T15:35:00,,none,,TRK2026030044 当前处于 干线运输中，客服可引用运输说明卡稳定预期。
SHP-0045,ORD-2026-0045,TRK2026030045,OceanBridge,sea,新加坡港口集货仓,天津,华北,in_transit,干线运输中,released,跨境运输途中，暂无异常,2026-04-04T09:35:00,2026-04-20T09:35:00,2026-04-29T09:35:00,2026-04-04T09:35:00,2026-04-17T09:35:00,,none,,TRK2026030045 当前处于 干线运输中，客服可引用运输说明卡稳定预期。
SHP-0046,ORD-2026-0046,TRK2026030046,OceanBridge,sea,新加坡港口集货仓,深圳,华南,customs_clearance,清关处理中,pending,等待清关放行，属于正常耗时节点,2026-04-06T03:35:00,2026-04-21T03:35:00,2026-04-30T03:35:00,2026-04-05T03:35:00,2026-04-18T03:35:00,,none,,TRK2026030046 当前处于 清关处理中，客服可引用运输说明卡稳定预期。
SHP-0047,ORD-2026-0047,TRK2026030047,OceanBridge,sea,新加坡港口集货仓,广州,华南,out_for_delivery,国内派送中,released,末端快递已派件,2026-04-07T21:35:00,2026-04-21T21:35:00,2026-04-30T21:35:00,2026-04-05T21:35:00,2026-04-18T21:35:00,,none,,TRK2026030047 当前处于 国内派送中，客服可引用运输说明卡稳定预期。
SHP-0048,ORD-2026-0048,TRK2026030048,OceanBridge,sea,新加坡港口集货仓,厦门,华南,label_created,等待干线出库,pending,订单已建单，等待仓库出库,2026-04-09T15:35:00,2026-04-22T15:35:00,2026-05-01T15:35:00,2026-04-06T15:35:00,2026-04-19T15:35:00,,none,,TRK2026030048 当前处于 等待干线出库，客服可引用运输说明卡稳定预期。
SHP-0049,ORD-2026-0049,TRK2026030049,OceanBridge,sea,新加坡/马来西亚港口集货仓,成都,西南,exception,物流异常待复核,pending,出现箱体破损或转运延迟，需要人工排查,2026-04-11T09:35:00,2026-04-23T09:35:00,2026-05-02T09:35:00,2026-04-07T09:35:00,2026-04-20T09:35:00,,delay,箱体压痕待核查,TRK2026030049 当前处于 物流异常待复核，客服可引用运输说明卡稳定预期。
SHP-0050,ORD-2026-0050,TRK2026030050,OceanBridge,sea,新加坡/马来西亚港口集货仓,重庆,西南,cancelled,订单已取消,pending,用户取消或支付失败后终止发运,2026-04-13T03:35:00,2026-04-24T03:35:00,2026-05-03T03:35:00,2026-04-08T03:35:00,2026-04-21T03:35:00,,cancel,,TRK2026030050 当前处于 订单已取消，客服可引用运输说明卡稳定预期。
SHP-0051,ORD-2026-0051,TRK2026030051,OceanBridge,sea,新加坡/马来西亚港口集货仓,上海,华东,delivered,末端签收完成,released,签收成功，建议引导确认是否存在外观/功能问题,2026-04-14T21:35:00,2026-04-24T21:35:00,2026-05-03T21:35:00,2026-04-08T21:35:00,2026-04-21T21:35:00,2026-04-25 21:35:00,none,,TRK2026030051 当前处于 末端签收完成，客服可引用运输说明卡稳定预期。
SHP-0052,ORD-2026-0052,TRK2026030052,OceanBridge,sea,新加坡/马来西亚港口集货仓,杭州,华东,delivered,末端签收完成,released,签收成功，建议引导确认是否存在外观/功能问题,2026-04-16T15:35:00,2026-04-25T15:35:00,2026-05-04T15:35:00,2026-04-09T15:35:00,2026-04-22T15:35:00,2026-04-26 15:35:00,none,,TRK2026030052 当前处于 末端签收完成，客服可引用运输说明卡稳定预期。
SHP-0053,ORD-2026-0053,TRK2026030053,OceanBridge,sea,新加坡/马来西亚港口集货仓,苏州,华东,delivered,末端签收完成,released,签收成功，建议引导确认是否存在外观/功能问题,2026-04-18T09:35:00,2026-04-26T09:35:00,2026-05-05T09:35:00,2026-04-10T09:35:00,2026-04-23T09:35:00,2026-04-27 09:35:00,none,,TRK2026030053 当前处于 末端签收完成，客服可引用运输说明卡稳定预期。
SHP-0054,ORD-2026-0054,TRK2026030054,OceanBridge,sea,新加坡/马来西亚港口集货仓,北京,华北,in_transit,干线运输中,released,跨境运输途中，暂无异常,2026-04-20T03:35:00,2026-04-27T03:35:00,2026-05-06T03:35:00,2026-04-11T03:35:00,2026-04-24T03:35:00,,none,,TRK2026030054 当前处于 干线运输中，客服可引用运输说明卡稳定预期。
SHP-0055,ORD-2026-0055,TRK2026030055,AeroLink,bonded_warehouse_prestocked,宁波/郑州保税仓（前置）,天津,华北,in_transit,干线运输中,released,跨境运输途中，暂无异常,2026-04-17T21:35:00,2026-04-15T21:35:00,2026-04-18T21:35:00,2026-04-11T21:35:00,2026-04-12T21:35:00,,none,,TRK2026030055 当前处于 干线运输中，客服可引用运输说明卡稳定预期。
SHP-0056,ORD-2026-0056,TRK2026030056,AeroLink,bonded_warehouse_prestocked,宁波/郑州保税仓（前置）,深圳,华南,customs_clearance,清关处理中,pending,等待清关放行，属于正常耗时节点,2026-04-12T15:35:00,2026-04-16T15:35:00,2026-04-19T15:35:00,2026-04-12T15:35:00,2026-04-13T15:35:00,,none,,TRK2026030056 当前处于 清关处理中，客服可引用运输说明卡稳定预期。
SHP-0057,ORD-2026-0057,TRK2026030057,AeroLink,bonded_warehouse_prestocked,宁波/郑州保税仓（前置）,广州,华南,out_for_delivery,国内派送中,released,末端快递已派件,2026-04-14T09:35:00,2026-04-17T09:35:00,2026-04-20T09:35:00,2026-04-13T09:35:00,2026-04-14T09:35:00,,none,,TRK2026030057 当前处于 国内派送中，客服可引用运输说明卡稳定预期。
SHP-0058,ORD-2026-0058,TRK2026030058,AeroLink,bonded_warehouse_prestocked,宁波/郑州保税仓（前置）,厦门,华南,label_created,等待干线出库,pending,订单已建单，等待仓库出库,2026-04-16T03:35:00,2026-04-18T03:35:00,2026-04-21T03:35:00,2026-04-14T03:35:00,2026-04-15T03:35:00,,none,,TRK2026030058 当前处于 等待干线出库，客服可引用运输说明卡稳定预期。
SHP-0059,ORD-2026-0059,TRK2026030059,AeroLink,bonded_warehouse_prestocked,宁波/郑州保税仓（前置）,成都,西南,exception,物流异常待复核,pending,出现箱体破损或转运延迟，需要人工排查,2026-04-17T21:35:00,2026-04-18T21:35:00,2026-04-21T21:35:00,2026-04-14T21:35:00,2026-04-15T21:35:00,,delay,箱体压痕待核查,TRK2026030059 当前处于 物流异常待复核，客服可引用运输说明卡稳定预期。
SHP-0060,ORD-2026-0060,TRK2026030060,AeroLink,bonded_warehouse_prestocked,宁波/郑州保税仓（前置）,重庆,西南,cancelled,订单已取消,pending,用户取消或支付失败后终止发运,2026-04-19T15:35:00,2026-04-19T15:35:00,2026-04-22T15:35:00,2026-04-15T15:35:00,2026-04-16T15:35:00,,cancel,,TRK2026030060 当前处于 订单已取消，客服可引用运输说明卡稳定预期。
SHP-0061,ORD-2026-0061,TRK2026030061,OceanBridge,sea,新加坡港口集货仓,上海,华东,delivered,末端签收完成,released,签收成功，建议引导确认是否存在外观/功能问题,2026-04-21T09:35:00,2026-05-02T09:35:00,2026-05-11T09:35:00,2026-04-16T09:35:00,2026-04-29T09:35:00,2026-05-03 09:35:00,none,,TRK2026030061 当前处于 末端签收完成，客服可引用运输说明卡稳定预期。
SHP-0062,ORD-2026-0062,TRK2026030062,OceanBridge,sea,新加坡港口集货仓,杭州,华东,delivered,末端签收完成,released,签收成功，建议引导确认是否存在外观/功能问题,2026-04-23T03:35:00,2026-05-03T03:35:00,2026-05-12T03:35:00,2026-04-17T03:35:00,2026-04-30T03:35:00,2026-05-04 03:35:00,none,,TRK2026030062 当前处于 末端签收完成，客服可引用运输说明卡稳定预期。
SHP-0063,ORD-2026-0063,TRK2026030063,OceanBridge,sea,新加坡港口集货仓,苏州,华东,delivered,末端签收完成,released,签收成功，建议引导确认是否存在外观/功能问题,2026-04-24T21:35:00,2026-05-03T21:35:00,2026-05-12T21:35:00,2026-04-17T21:35:00,2026-04-30T21:35:00,2026-05-04 21:35:00,none,,TRK2026030063 当前处于 末端签收完成，客服可引用运输说明卡稳定预期。
SHP-0064,ORD-2026-0064,TRK2026030064,OceanBridge,sea,新加坡港口集货仓,北京,华北,in_transit,干线运输中,released,跨境运输途中，暂无异常,2026-04-26T15:35:00,2026-05-04T15:35:00,2026-05-13T15:35:00,2026-04-18T15:35:00,2026-05-01T15:35:00,,none,,TRK2026030064 当前处于 干线运输中，客服可引用运输说明卡稳定预期。
SHP-0065,ORD-2026-0065,TRK2026030065,OceanBridge,sea,新加坡港口集货仓,天津,华北,in_transit,干线运输中,released,跨境运输途中，暂无异常,2026-04-28T09:35:00,2026-05-05T09:35:00,2026-05-14T09:35:00,2026-04-19T09:35:00,2026-05-02T09:35:00,,none,,TRK2026030065 当前处于 干线运输中，客服可引用运输说明卡稳定预期。
SHP-0066,ORD-2026-0066,TRK2026030066,OceanBridge,sea,新加坡港口集货仓,深圳,华南,customs_clearance,清关处理中,pending,等待清关放行，属于正常耗时节点,2026-04-30T03:35:00,2026-05-06T03:35:00,2026-05-15T03:35:00,2026-04-20T03:35:00,2026-05-03T03:35:00,,none,,TRK2026030066 当前处于 清关处理中，客服可引用运输说明卡稳定预期。
SHP-0067,ORD-2026-0067,TRK2026030067,OceanBridge,sea,新加坡/马来西亚港口集货仓,广州,华南,out_for_delivery,国内派送中,released,末端快递已派件,2026-04-20T21:35:00,2026-05-06T21:35:00,2026-05-15T21:35:00,2026-04-20T21:35:00,2026-05-03T21:35:00,,none,,TRK2026030067 当前处于 国内派送中，客服可引用运输说明卡稳定预期。
SHP-0068,ORD-2026-0068,TRK2026030068,OceanBridge,sea,新加坡/马来西亚港口集货仓,厦门,华南,label_created,等待干线出库,pending,订单已建单，等待仓库出库,2026-04-22T15:35:00,2026-05-07T15:35:00,2026-05-16T15:35:00,2026-04-21T15:35:00,2026-05-04T15:35:00,,none,,TRK2026030068 当前处于 等待干线出库，客服可引用运输说明卡稳定预期。
SHP-0069,ORD-2026-0069,TRK2026030069,OceanBridge,sea,新加坡/马来西亚港口集货仓,成都,西南,exception,物流异常待复核,pending,出现箱体破损或转运延迟，需要人工排查,2026-04-24T09:35:00,2026-05-08T09:35:00,2026-05-17T09:35:00,2026-04-22T09:35:00,2026-05-05T09:35:00,,delay,箱体压痕待核查,TRK2026030069 当前处于 物流异常待复核，客服可引用运输说明卡稳定预期。
SHP-0070,ORD-2026-0070,TRK2026030070,OceanBridge,sea,新加坡/马来西亚港口集货仓,重庆,西南,cancelled,订单已取消,pending,用户取消或支付失败后终止发运,2026-04-26T03:35:00,2026-05-09T03:35:00,2026-05-18T03:35:00,2026-04-23T03:35:00,2026-05-06T03:35:00,,cancel,,TRK2026030070 当前处于 订单已取消，客服可引用运输说明卡稳定预期。
SHP-0071,ORD-2026-0071,TRK2026030071,OceanBridge,sea,新加坡/马来西亚港口集货仓,上海,华东,delivered,末端签收完成,released,签收成功，建议引导确认是否存在外观/功能问题,2026-04-27T21:35:00,2026-05-09T21:35:00,2026-05-18T21:35:00,2026-04-23T21:35:00,2026-05-06T21:35:00,2026-05-10 21:35:00,none,,TRK2026030071 当前处于 末端签收完成，客服可引用运输说明卡稳定预期。
SHP-0072,ORD-2026-0072,TRK2026030072,OceanBridge,sea,新加坡/马来西亚港口集货仓,杭州,华东,delivered,末端签收完成,released,签收成功，建议引导确认是否存在外观/功能问题,2026-04-29T15:35:00,2026-05-10T15:35:00,2026-05-19T15:35:00,2026-04-24T15:35:00,2026-05-07T15:35:00,2026-05-11 15:35:00,none,,TRK2026030072 当前处于 末端签收完成，客服可引用运输说明卡稳定预期。
SHP-0073,ORD-2026-0073,TRK2026030073,OceanBridge,sea,新加坡/马来西亚港口集货仓,苏州,华东,delivered,末端签收完成,released,签收成功，建议引导确认是否存在外观/功能问题,2026-05-01T09:35:00,2026-05-11T09:35:00,2026-05-20T09:35:00,2026-04-25T09:35:00,2026-05-08T09:35:00,2026-05-12 09:35:00,none,,TRK2026030073 当前处于 末端签收完成，客服可引用运输说明卡稳定预期。
SHP-0074,ORD-2026-0074,TRK2026030074,OceanBridge,sea,新加坡/马来西亚港口集货仓,北京,华北,in_transit,干线运输中,released,跨境运输途中，暂无异常,2026-05-03T03:35:00,2026-05-12T03:35:00,2026-05-21T03:35:00,2026-04-26T03:35:00,2026-05-09T03:35:00,,none,,TRK2026030074 当前处于 干线运输中，客服可引用运输说明卡稳定预期。
SHP-0075,ORD-2026-0075,TRK2026030075,OceanBridge,sea,新加坡/马来西亚港口集货仓,天津,华北,in_transit,干线运输中,released,跨境运输途中，暂无异常,2026-05-04T21:35:00,2026-05-12T21:35:00,2026-05-21T21:35:00,2026-04-26T21:35:00,2026-05-09T21:35:00,,none,,TRK2026030075 当前处于 干线运输中，客服可引用运输说明卡稳定预期。
SHP-0076,ORD-2026-0076,TRK2026030076,OceanBridge,sea,新加坡/马来西亚港口集货仓,深圳,华南,customs_clearance,清关处理中,pending,等待清关放行，属于正常耗时节点,2026-05-06T15:35:00,2026-05-13T15:35:00,2026-05-22T15:35:00,2026-04-27T15:35:00,2026-05-10T15:35:00,,none,,TRK2026030076 当前处于 清关处理中，客服可引用运输说明卡稳定预期。
SHP-0077,ORD-2026-0077,TRK2026030077,OceanBridge,sea,新加坡/马来西亚港口集货仓,广州,华南,out_for_delivery,国内派送中,released,末端快递已派件,2026-05-08T09:35:00,2026-05-14T09:35:00,2026-05-23T09:35:00,2026-04-28T09:35:00,2026-05-11T09:35:00,,none,,TRK2026030077 当前处于 国内派送中，客服可引用运输说明卡稳定预期。
SHP-0078,ORD-2026-0078,TRK2026030078,OceanBridge,sea,新加坡/马来西亚港口集货仓,厦门,华南,label_created,等待干线出库,pending,订单已建单，等待仓库出库,2026-04-29T03:35:00,2026-05-15T03:35:00,2026-05-24T03:35:00,2026-04-29T03:35:00,2026-05-12T03:35:00,,none,,TRK2026030078 当前处于 等待干线出库，客服可引用运输说明卡稳定预期。
SHP-0079,ORD-2026-0079,TRK2026030079,OceanBridge,sea,新加坡/马来西亚港口集货仓,成都,西南,exception,物流异常待复核,pending,出现箱体破损或转运延迟，需要人工排查,2026-04-30T21:35:00,2026-05-15T21:35:00,2026-05-24T21:35:00,2026-04-29T21:35:00,2026-05-12T21:35:00,,delay,箱体压痕待核查,TRK2026030079 当前处于 物流异常待复核，客服可引用运输说明卡稳定预期。
SHP-0080,ORD-2026-0080,TRK2026030080,OceanBridge,sea,新加坡/马来西亚港口集货仓,重庆,西南,cancelled,订单已取消,pending,用户取消或支付失败后终止发运,2026-05-02T15:35:00,2026-05-16T15:35:00,2026-05-25T15:35:00,2026-04-30T15:35:00,2026-05-13T15:35:00,,cancel,,TRK2026030080 当前处于 订单已取消，客服可引用运输说明卡稳定预期。
SHP-0081,ORD-2026-0081,TRK2026030081,OceanBridge,sea,新加坡/马来西亚港口集货仓,上海,华东,delivered,末端签收完成,released,签收成功，建议引导确认是否存在外观/功能问题,2026-05-04T09:35:00,2026-05-17T09:35:00,2026-05-26T09:35:00,2026-05-01T09:35:00,2026-05-14T09:35:00,2026-05-18 09:35:00,none,,TRK2026030081 当前处于 末端签收完成，客服可引用运输说明卡稳定预期。
SHP-0082,ORD-2026-0082,TRK2026030082,OceanBridge,sea,新加坡/马来西亚港口集货仓,杭州,华东,delivered,末端签收完成,released,签收成功，建议引导确认是否存在外观/功能问题,2026-05-06T03:35:00,2026-05-18T03:35:00,2026-05-27T03:35:00,2026-05-02T03:35:00,2026-05-15T03:35:00,2026-05-19 03:35:00,none,,TRK2026030082 当前处于 末端签收完成，客服可引用运输说明卡稳定预期。
SHP-0083,ORD-2026-0083,TRK2026030083,OceanBridge,sea,新加坡/马来西亚港口集货仓,苏州,华东,delivered,末端签收完成,released,签收成功，建议引导确认是否存在外观/功能问题,2026-05-07T21:35:00,2026-05-18T21:35:00,2026-05-27T21:35:00,2026-05-02T21:35:00,2026-05-15T21:35:00,2026-05-19 21:35:00,none,,TRK2026030083 当前处于 末端签收完成，客服可引用运输说明卡稳定预期。
SHP-0084,ORD-2026-0084,TRK2026030084,OceanBridge,sea,新加坡/马来西亚港口集货仓,北京,华北,in_transit,干线运输中,released,跨境运输途中，暂无异常,2026-05-09T15:35:00,2026-05-19T15:35:00,2026-05-28T15:35:00,2026-05-03T15:35:00,2026-05-16T15:35:00,,none,,TRK2026030084 当前处于 干线运输中，客服可引用运输说明卡稳定预期。
SHP-0085,ORD-2026-0085,TRK2026030085,OceanBridge,sea,新加坡/马来西亚港口集货仓,天津,华北,in_transit,干线运输中,released,跨境运输途中，暂无异常,2026-05-11T09:35:00,2026-05-20T09:35:00,2026-05-29T09:35:00,2026-05-04T09:35:00,2026-05-17T09:35:00,,none,,TRK2026030085 当前处于 干线运输中，客服可引用运输说明卡稳定预期。
SHP-0086,ORD-2026-0086,TRK2026030086,OceanBridge,sea,新加坡/马来西亚港口集货仓,深圳,华南,customs_clearance,清关处理中,pending,等待清关放行，属于正常耗时节点,2026-05-13T03:35:00,2026-05-21T03:35:00,2026-05-30T03:35:00,2026-05-05T03:35:00,2026-05-18T03:35:00,,none,,TRK2026030086 当前处于 清关处理中，客服可引用运输说明卡稳定预期。
SHP-0087,ORD-2026-0087,TRK2026030087,OceanBridge,sea,新加坡/马来西亚港口集货仓,广州,华南,out_for_delivery,国内派送中,released,末端快递已派件,2026-05-14T21:35:00,2026-05-21T21:35:00,2026-05-30T21:35:00,2026-05-05T21:35:00,2026-05-18T21:35:00,,none,,TRK2026030087 当前处于 国内派送中，客服可引用运输说明卡稳定预期。
SHP-0088,ORD-2026-0088,TRK2026030088,OceanBridge,sea,新加坡/马来西亚港口集货仓,厦门,华南,label_created,等待干线出库,pending,订单已建单，等待仓库出库,2026-05-16T15:35:00,2026-05-22T15:35:00,2026-05-31T15:35:00,2026-05-06T15:35:00,2026-05-19T15:35:00,,none,,TRK2026030088 当前处于 等待干线出库，客服可引用运输说明卡稳定预期。
SHP-0089,ORD-2026-0089,TRK2026030089,OceanBridge,sea,新加坡/马来西亚港口集货仓,成都,西南,exception,物流异常待复核,pending,出现箱体破损或转运延迟，需要人工排查,2026-05-07T09:35:00,2026-05-23T09:35:00,2026-06-01T09:35:00,2026-05-07T09:35:00,2026-05-20T09:35:00,,delay,箱体压痕待核查,TRK2026030089 当前处于 物流异常待复核，客服可引用运输说明卡稳定预期。
SHP-0090,ORD-2026-0090,TRK2026030090,OceanBridge,sea,新加坡/马来西亚港口集货仓,重庆,西南,cancelled,订单已取消,pending,用户取消或支付失败后终止发运,2026-05-09T03:35:00,2026-05-24T03:35:00,2026-06-02T03:35:00,2026-05-08T03:35:00,2026-05-21T03:35:00,,cancel,,TRK2026030090 当前处于 订单已取消，客服可引用运输说明卡稳定预期。
SHP-0091,ORD-2026-0091,TRK2026030091,AeroLink,bonded_warehouse_prestocked,宁波/郑州保税仓（前置）,上海,华东,delivered,末端签收完成,released,签收成功，建议引导确认是否存在外观/功能问题,2026-05-10T21:35:00,2026-05-12T21:35:00,2026-05-15T21:35:00,2026-05-08T21:35:00,2026-05-09T21:35:00,2026-05-13 21:35:00,none,,TRK2026030091 当前处于 末端签收完成，客服可引用运输说明卡稳定预期。
SHP-0092,ORD-2026-0092,TRK2026030092,AeroLink,bonded_warehouse_prestocked,宁波/郑州保税仓（前置）,杭州,华东,delivered,末端签收完成,released,签收成功，建议引导确认是否存在外观/功能问题,2026-05-12T15:35:00,2026-05-13T15:35:00,2026-05-16T15:35:00,2026-05-09T15:35:00,2026-05-10T15:35:00,2026-05-14 15:35:00,none,,TRK2026030092 当前处于 末端签收完成，客服可引用运输说明卡稳定预期。
SHP-0093,ORD-2026-0093,TRK2026030093,AeroLink,bonded_warehouse_prestocked,宁波/郑州保税仓（前置）,苏州,华东,delivered,末端签收完成,released,签收成功，建议引导确认是否存在外观/功能问题,2026-05-14T09:35:00,2026-05-14T09:35:00,2026-05-17T09:35:00,2026-05-10T09:35:00,2026-05-11T09:35:00,2026-05-15 09:35:00,none,,TRK2026030093 当前处于 末端签收完成，客服可引用运输说明卡稳定预期。
SHP-0094,ORD-2026-0094,TRK2026030094,AeroLink,bonded_warehouse_prestocked,宁波/郑州保税仓（前置）,北京,华北,in_transit,干线运输中,released,跨境运输途中，暂无异常,2026-05-16T03:35:00,2026-05-15T03:35:00,2026-05-18T03:35:00,2026-05-11T03:35:00,2026-05-12T03:35:00,,none,,TRK2026030094 当前处于 干线运输中，客服可引用运输说明卡稳定预期。
SHP-0095,ORD-2026-0095,TRK2026030095,AeroLink,bonded_warehouse_prestocked,宁波/郑州保税仓（前置）,天津,华北,in_transit,干线运输中,released,跨境运输途中，暂无异常,2026-05-17T21:35:00,2026-05-15T21:35:00,2026-05-18T21:35:00,2026-05-11T21:35:00,2026-05-12T21:35:00,,none,,TRK2026030095 当前处于 干线运输中，客服可引用运输说明卡稳定预期。
SHP-0096,ORD-2026-0096,TRK2026030096,AeroLink,bonded_warehouse_prestocked,宁波/郑州保税仓（前置）,深圳,华南,customs_clearance,清关处理中,pending,等待清关放行，属于正常耗时节点,2026-05-18T15:35:00,2026-05-16T15:35:00,2026-05-19T15:35:00,2026-05-12T15:35:00,2026-05-13T15:35:00,,none,,TRK2026030096 当前处于 清关处理中，客服可引用运输说明卡稳定预期。
SHP-0097,ORD-2026-0097,TRK2026030097,AeroLink,bonded_warehouse_prestocked,宁波/郑州保税仓（前置）,广州,华南,out_for_delivery,国内派送中,released,末端快递已派件,2026-05-19T09:35:00,2026-05-17T09:35:00,2026-05-20T09:35:00,2026-05-13T09:35:00,2026-05-14T09:35:00,,none,,TRK2026030097 当前处于 国内派送中，客服可引用运输说明卡稳定预期。
SHP-0098,ORD-2026-0098,TRK2026030098,AeroLink,bonded_warehouse_prestocked,宁波/郑州保税仓（前置）,厦门,华南,label_created,等待干线出库,pending,订单已建单，等待仓库出库,2026-05-20T03:35:00,2026-05-18T03:35:00,2026-05-21T03:35:00,2026-05-14T03:35:00,2026-05-15T03:35:00,,none,,TRK2026030098 当前处于 等待干线出库，客服可引用运输说明卡稳定预期。
SHP-0099,ORD-2026-0099,TRK2026030099,AeroLink,bonded_warehouse_prestocked,宁波/郑州保税仓（前置）,成都,西南,exception,物流异常待复核,pending,出现箱体破损或转运延迟，需要人工排查,2026-05-20T21:35:00,2026-05-18T21:35:00,2026-05-21T21:35:00,2026-05-14T21:35:00,2026-05-15T21:35:00,,delay,箱体压痕待核查,TRK2026030099 当前处于 物流异常待复核，客服可引用运输说明卡稳定预期。
SHP-0100,ORD-2026-0100,TRK2026030100,AeroLink,bonded_warehouse_prestocked,宁波/郑州保税仓（前置）,重庆,西南,cancelled,订单已取消,pending,用户取消或支付失败后终止发运,2026-05-15T15:35:00,2026-05-19T15:35:00,2026-05-22T15:35:00,2026-05-15T15:35:00,2026-05-16T15:35:00,,cancel,,TRK2026030100 当前处于 订单已取消，客服可引用运输说明卡稳定预期。
