check_id,优先主题,文档名称,文档类型,颗粒度,sku_id,品牌,类目,区域,真实来源,owner,格式,关键字段,风险级别,状态,刷新频率,上线边界,source_type,collection_status,doc_type,locale,source_of_truth_tier_target
CHK0001,电压/频率/插头兼容,De'Longhi_DELO-Bean-US-2027_SKU兼容安装卡,SKU兼容安装卡,SKU,SKU-DELO-Bean-US,De'Longhi,全自动/半自动咖啡机,US,官方说明书/规格表/工程手册,商品运营+技术支持,xlsx/json,"sku_id,model,target_region,voltage,frequency,plug,certification_mark",极高,待收集,周更,上线前必须替换为官方或内部真实文档,synthetic_seed,pending,compatibility_install_card,zh-CN,tier1_official
CHK0002,安装条件,De'Longhi_DELO-Bean-US-2027_安装条件卡,SKU安装条件卡,SKU,SKU-DELO-Bean-US,De'Longhi,全自动/半自动咖啡机,US,安装手册/工程安装清单,技术支持,xlsx/json,"sku_id,dimensions,clearance,power_requirements,water_drain,installer_qualification",高,待收集,周更,尺寸、电气或安装责任字段缺失时不得下结论,synthetic_seed,pending,compatibility_install_card,zh-CN,tier1_official
CHK0003,电压/频率/插头兼容,De'Longhi_DELO-Steam-EU-2028_SKU兼容安装卡,SKU兼容安装卡,SKU,SKU-DELO-Steam-EU,De'Longhi,全自动/半自动咖啡机,EU,官方说明书/规格表/工程手册,商品运营+技术支持,xlsx/json,"sku_id,model,target_region,voltage,frequency,plug,certification_mark",极高,待收集,周更,上线前必须替换为官方或内部真实文档,synthetic_seed,pending,compatibility_install_card,zh-CN,tier1_official
CHK0004,安装条件,De'Longhi_DELO-Steam-EU-2028_安装条件卡,SKU安装条件卡,SKU,SKU-DELO-Steam-EU,De'Longhi,全自动/半自动咖啡机,EU,安装手册/工程安装清单,技术支持,xlsx/json,"sku_id,dimensions,clearance,power_requirements,water_drain,installer_qualification",高,待收集,周更,尺寸、电气或安装责任字段缺失时不得下结论,synthetic_seed,pending,compatibility_install_card,zh-CN,tier1_official
CHK0005,电压/频率/插头兼容,De'Longhi_DELO-Caps-UK-2029_SKU兼容安装卡,SKU兼容安装卡,SKU,SKU-DELO-Caps-UK,De'Longhi,全自动/半自动咖啡机,UK,官方说明书/规格表/工程手册,商品运营+技术支持,xlsx/json,"sku_id,model,target_region,voltage,frequency,plug,certification_mark",极高,待收集,周更,上线前必须替换为官方或内部真实文档,synthetic_seed,pending,compatibility_install_card,zh-CN,tier1_official
CHK0006,安装条件,De'Longhi_DELO-Caps-UK-2029_安装条件卡,SKU安装条件卡,SKU,SKU-DELO-Caps-UK,De'Longhi,全自动/半自动咖啡机,UK,安装手册/工程安装清单,技术支持,xlsx/json,"sku_id,dimensions,clearance,power_requirements,water_drain,installer_qualification",高,待收集,周更,尺寸、电气或安装责任字段缺失时不得下结论,synthetic_seed,pending,compatibility_install_card,zh-CN,tier1_official
CHK0007,电压/频率/插头兼容,Jura_JURA-Bean-US-2027_SKU兼容安装卡,SKU兼容安装卡,SKU,SKU-JURA-Bean-US,Jura,全自动/半自动咖啡机,US,官方说明书/规格表/工程手册,商品运营+技术支持,xlsx/json,"sku_id,model,target_region,voltage,frequency,plug,certification_mark",极高,待收集,周更,上线前必须替换为官方或内部真实文档,synthetic_seed,pending,compatibility_install_card,zh-CN,tier1_official
CHK0008,安装条件,Jura_JURA-Bean-US-2027_安装条件卡,SKU安装条件卡,SKU,SKU-JURA-Bean-US,Jura,全自动/半自动咖啡机,US,安装手册/工程安装清单,技术支持,xlsx/json,"sku_id,dimensions,clearance,power_requirements,water_drain,installer_qualification",高,待收集,周更,尺寸、电气或安装责任字段缺失时不得下结论,synthetic_seed,pending,compatibility_install_card,zh-CN,tier1_official
CHK0009,电压/频率/插头兼容,Jura_JURA-Steam-EU-2028_SKU兼容安装卡,SKU兼容安装卡,SKU,SKU-JURA-Steam-EU,Jura,全自动/半自动咖啡机,EU,官方说明书/规格表/工程手册,商品运营+技术支持,xlsx/json,"sku_id,model,target_region,voltage,frequency,plug,certification_mark",极高,待收集,周更,上线前必须替换为官方或内部真实文档,synthetic_seed,pending,compatibility_install_card,zh-CN,tier1_official
CHK0010,安装条件,Jura_JURA-Steam-EU-2028_安装条件卡,SKU安装条件卡,SKU,SKU-JURA-Steam-EU,Jura,全自动/半自动咖啡机,EU,安装手册/工程安装清单,技术支持,xlsx/json,"sku_id,dimensions,clearance,power_requirements,water_drain,installer_qualification",高,待收集,周更,尺寸、电气或安装责任字段缺失时不得下结论,synthetic_seed,pending,compatibility_install_card,zh-CN,tier1_official
CHK0011,电压/频率/插头兼容,Jura_JURA-Caps-UK-2029_SKU兼容安装卡,SKU兼容安装卡,SKU,SKU-JURA-Caps-UK,Jura,全自动/半自动咖啡机,UK,官方说明书/规格表/工程手册,商品运营+技术支持,xlsx/json,"sku_id,model,target_region,voltage,frequency,plug,certification_mark",极高,待收集,周更,上线前必须替换为官方或内部真实文档,synthetic_seed,pending,compatibility_install_card,zh-CN,tier1_official
CHK0012,安装条件,Jura_JURA-Caps-UK-2029_安装条件卡,SKU安装条件卡,SKU,SKU-JURA-Caps-UK,Jura,全自动/半自动咖啡机,UK,安装手册/工程安装清单,技术支持,xlsx/json,"sku_id,dimensions,clearance,power_requirements,water_drain,installer_qualification",高,待收集,周更,尺寸、电气或安装责任字段缺失时不得下结论,synthetic_seed,pending,compatibility_install_card,zh-CN,tier1_official
CHK0013,电压/频率/插头兼容,Smeg_SMEG-Air-US-2027_SKU兼容安装卡,SKU兼容安装卡,SKU,SKU-SMEG-Air-US,Smeg,台式烤箱/空气炸烤箱,US,官方说明书/规格表/工程手册,商品运营+技术支持,xlsx/json,"sku_id,model,target_region,voltage,frequency,plug,certification_mark",极高,待收集,周更,上线前必须替换为官方或内部真实文档,synthetic_seed,pending,compatibility_install_card,zh-CN,tier1_official
CHK0014,安装条件,Smeg_SMEG-Air-US-2027_安装条件卡,SKU安装条件卡,SKU,SKU-SMEG-Air-US,Smeg,台式烤箱/空气炸烤箱,US,安装手册/工程安装清单,技术支持,xlsx/json,"sku_id,dimensions,clearance,power_requirements,water_drain,installer_qualification",高,待收集,周更,尺寸、电气或安装责任字段缺失时不得下结论,synthetic_seed,pending,compatibility_install_card,zh-CN,tier1_official
CHK0015,电压/频率/插头兼容,Smeg_SMEG-Steam-EU-2028_SKU兼容安装卡,SKU兼容安装卡,SKU,SKU-SMEG-Steam-EU,Smeg,台式烤箱/空气炸烤箱,EU,官方说明书/规格表/工程手册,商品运营+技术支持,xlsx/json,"sku_id,model,target_region,voltage,frequency,plug,certification_mark",极高,待收集,周更,上线前必须替换为官方或内部真实文档,synthetic_seed,pending,compatibility_install_card,zh-CN,tier1_official
CHK0016,安装条件,Smeg_SMEG-Steam-EU-2028_安装条件卡,SKU安装条件卡,SKU,SKU-SMEG-Steam-EU,Smeg,台式烤箱/空气炸烤箱,EU,安装手册/工程安装清单,技术支持,xlsx/json,"sku_id,dimensions,clearance,power_requirements,water_drain,installer_qualification",高,待收集,周更,尺寸、电气或安装责任字段缺失时不得下结论,synthetic_seed,pending,compatibility_install_card,zh-CN,tier1_official
CHK0017,电压/频率/插头兼容,Smeg_SMEG-Toast-UK-2029_SKU兼容安装卡,SKU兼容安装卡,SKU,SKU-SMEG-Toast-UK,Smeg,台式烤箱/空气炸烤箱,UK,官方说明书/规格表/工程手册,商品运营+技术支持,xlsx/json,"sku_id,model,target_region,voltage,frequency,plug,certification_mark",极高,待收集,周更,上线前必须替换为官方或内部真实文档,synthetic_seed,pending,compatibility_install_card,zh-CN,tier1_official
CHK0018,安装条件,Smeg_SMEG-Toast-UK-2029_安装条件卡,SKU安装条件卡,SKU,SKU-SMEG-Toast-UK,Smeg,台式烤箱/空气炸烤箱,UK,安装手册/工程安装清单,技术支持,xlsx/json,"sku_id,dimensions,clearance,power_requirements,water_drain,installer_qualification",高,待收集,周更,尺寸、电气或安装责任字段缺失时不得下结论,synthetic_seed,pending,compatibility_install_card,zh-CN,tier1_official
CHK0019,电压/频率/插头兼容,Breville_BREV-Air-US-2027_SKU兼容安装卡,SKU兼容安装卡,SKU,SKU-BREV-Air-US,Breville,台式烤箱/空气炸烤箱,US,官方说明书/规格表/工程手册,商品运营+技术支持,xlsx/json,"sku_id,model,target_region,voltage,frequency,plug,certification_mark",极高,待收集,周更,上线前必须替换为官方或内部真实文档,synthetic_seed,pending,compatibility_install_card,zh-CN,tier1_official
CHK0020,安装条件,Breville_BREV-Air-US-2027_安装条件卡,SKU安装条件卡,SKU,SKU-BREV-Air-US,Breville,台式烤箱/空气炸烤箱,US,安装手册/工程安装清单,技术支持,xlsx/json,"sku_id,dimensions,clearance,power_requirements,water_drain,installer_qualification",高,待收集,周更,尺寸、电气或安装责任字段缺失时不得下结论,synthetic_seed,pending,compatibility_install_card,zh-CN,tier1_official
CHK0021,电压/频率/插头兼容,Breville_BREV-Steam-UK-2028_SKU兼容安装卡,SKU兼容安装卡,SKU,SKU-BREV-Steam-UK,Breville,台式烤箱/空气炸烤箱,UK,官方说明书/规格表/工程手册,商品运营+技术支持,xlsx/json,"sku_id,model,target_region,voltage,frequency,plug,certification_mark",极高,待收集,周更,上线前必须替换为官方或内部真实文档,synthetic_seed,pending,compatibility_install_card,zh-CN,tier1_official
CHK0022,安装条件,Breville_BREV-Steam-UK-2028_安装条件卡,SKU安装条件卡,SKU,SKU-BREV-Steam-UK,Breville,台式烤箱/空气炸烤箱,UK,安装手册/工程安装清单,技术支持,xlsx/json,"sku_id,dimensions,clearance,power_requirements,water_drain,installer_qualification",高,待收集,周更,尺寸、电气或安装责任字段缺失时不得下结论,synthetic_seed,pending,compatibility_install_card,zh-CN,tier1_official
CHK0023,电压/频率/插头兼容,Breville_BREV-Toast-AU-2029_SKU兼容安装卡,SKU兼容安装卡,SKU,SKU-BREV-Toast-AU,Breville,台式烤箱/空气炸烤箱,AU,官方说明书/规格表/工程手册,商品运营+技术支持,xlsx/json,"sku_id,model,target_region,voltage,frequency,plug,certification_mark",极高,待收集,周更,上线前必须替换为官方或内部真实文档,synthetic_seed,pending,compatibility_install_card,zh-CN,tier1_official
CHK0024,安装条件,Breville_BREV-Toast-AU-2029_安装条件卡,SKU安装条件卡,SKU,SKU-BREV-Toast-AU,Breville,台式烤箱/空气炸烤箱,AU,安装手册/工程安装清单,技术支持,xlsx/json,"sku_id,dimensions,clearance,power_requirements,water_drain,installer_qualification",高,待收集,周更,尺寸、电气或安装责任字段缺失时不得下结论,synthetic_seed,pending,compatibility_install_card,zh-CN,tier1_official
CHK0025,电压/频率/插头兼容,Bosch_BOSC-DW60-US-2027_SKU兼容安装卡,SKU兼容安装卡,SKU,SKU-BOSC-DW60-US,Bosch,洗碗机,US,官方说明书/规格表/工程手册,商品运营+技术支持,xlsx/json,"sku_id,model,target_region,voltage,frequency,plug,certification_mark",极高,待收集,周更,上线前必须替换为官方或内部真实文档,synthetic_seed,pending,compatibility_install_card,zh-CN,tier1_official
CHK0026,安装条件,Bosch_BOSC-DW60-US-2027_安装条件卡,SKU安装条件卡,SKU,SKU-BOSC-DW60-US,Bosch,洗碗机,US,安装手册/工程安装清单,技术支持,xlsx/json,"sku_id,dimensions,clearance,power_requirements,water_drain,installer_qualification",极高,待收集,周更,尺寸、电气或安装责任字段缺失时不得下结论,synthetic_seed,pending,compatibility_install_card,zh-CN,tier1_official
CHK0027,电压/频率/插头兼容,Bosch_BOSC-DW45-EU-2028_SKU兼容安装卡,SKU兼容安装卡,SKU,SKU-BOSC-DW45-EU,Bosch,洗碗机,EU,官方说明书/规格表/工程手册,商品运营+技术支持,xlsx/json,"sku_id,model,target_region,voltage,frequency,plug,certification_mark",极高,待收集,周更,上线前必须替换为官方或内部真实文档,synthetic_seed,pending,compatibility_install_card,zh-CN,tier1_official
CHK0028,安装条件,Bosch_BOSC-DW45-EU-2028_安装条件卡,SKU安装条件卡,SKU,SKU-BOSC-DW45-EU,Bosch,洗碗机,EU,安装手册/工程安装清单,技术支持,xlsx/json,"sku_id,dimensions,clearance,power_requirements,water_drain,installer_qualification",极高,待收集,周更,尺寸、电气或安装责任字段缺失时不得下结论,synthetic_seed,pending,compatibility_install_card,zh-CN,tier1_official
CHK0029,电压/频率/插头兼容,Bosch_BOSC-DFS-UK-2029_SKU兼容安装卡,SKU兼容安装卡,SKU,SKU-BOSC-DFS-UK,Bosch,洗碗机,UK,官方说明书/规格表/工程手册,商品运营+技术支持,xlsx/json,"sku_id,model,target_region,voltage,frequency,plug,certification_mark",极高,待收集,周更,上线前必须替换为官方或内部真实文档,synthetic_seed,pending,compatibility_install_card,zh-CN,tier1_official
CHK0030,安装条件,Bosch_BOSC-DFS-UK-2029_安装条件卡,SKU安装条件卡,SKU,SKU-BOSC-DFS-UK,Bosch,洗碗机,UK,安装手册/工程安装清单,技术支持,xlsx/json,"sku_id,dimensions,clearance,power_requirements,water_drain,installer_qualification",极高,待收集,周更,尺寸、电气或安装责任字段缺失时不得下结论,synthetic_seed,pending,compatibility_install_card,zh-CN,tier1_official
CHK0031,电压/频率/插头兼容,Miele_MIEL-DW60-US-2027_SKU兼容安装卡,SKU兼容安装卡,SKU,SKU-MIEL-DW60-US,Miele,洗碗机,US,官方说明书/规格表/工程手册,商品运营+技术支持,xlsx/json,"sku_id,model,target_region,voltage,frequency,plug,certification_mark",极高,待收集,周更,上线前必须替换为官方或内部真实文档,synthetic_seed,pending,compatibility_install_card,zh-CN,tier1_official
CHK0032,安装条件,Miele_MIEL-DW60-US-2027_安装条件卡,SKU安装条件卡,SKU,SKU-MIEL-DW60-US,Miele,洗碗机,US,安装手册/工程安装清单,技术支持,xlsx/json,"sku_id,dimensions,clearance,power_requirements,water_drain,installer_qualification",极高,待收集,周更,尺寸、电气或安装责任字段缺失时不得下结论,synthetic_seed,pending,compatibility_install_card,zh-CN,tier1_official
CHK0033,电压/频率/插头兼容,Miele_MIEL-DW45-EU-2028_SKU兼容安装卡,SKU兼容安装卡,SKU,SKU-MIEL-DW45-EU,Miele,洗碗机,EU,官方说明书/规格表/工程手册,商品运营+技术支持,xlsx/json,"sku_id,model,target_region,voltage,frequency,plug,certification_mark",极高,待收集,周更,上线前必须替换为官方或内部真实文档,synthetic_seed,pending,compatibility_install_card,zh-CN,tier1_official
CHK0034,安装条件,Miele_MIEL-DW45-EU-2028_安装条件卡,SKU安装条件卡,SKU,SKU-MIEL-DW45-EU,Miele,洗碗机,EU,安装手册/工程安装清单,技术支持,xlsx/json,"sku_id,dimensions,clearance,power_requirements,water_drain,installer_qualification",极高,待收集,周更,尺寸、电气或安装责任字段缺失时不得下结论,synthetic_seed,pending,compatibility_install_card,zh-CN,tier1_official
CHK0035,电压/频率/插头兼容,Miele_MIEL-DFS-UK-2029_SKU兼容安装卡,SKU兼容安装卡,SKU,SKU-MIEL-DFS-UK,Miele,洗碗机,UK,官方说明书/规格表/工程手册,商品运营+技术支持,xlsx/json,"sku_id,model,target_region,voltage,frequency,plug,certification_mark",极高,待收集,周更,上线前必须替换为官方或内部真实文档,synthetic_seed,pending,compatibility_install_card,zh-CN,tier1_official
CHK0036,安装条件,Miele_MIEL-DFS-UK-2029_安装条件卡,SKU安装条件卡,SKU,SKU-MIEL-DFS-UK,Miele,洗碗机,UK,安装手册/工程安装清单,技术支持,xlsx/json,"sku_id,dimensions,clearance,power_requirements,water_drain,installer_qualification",极高,待收集,周更,尺寸、电气或安装责任字段缺失时不得下结论,synthetic_seed,pending,compatibility_install_card,zh-CN,tier1_official
CHK0037,电压/频率/插头兼容,Liebherr_LIEB-BFR-EU-2027_SKU兼容安装卡,SKU兼容安装卡,SKU,SKU-LIEB-BFR-EU,Liebherr,冰箱/酒柜,EU,官方说明书/规格表/工程手册,商品运营+技术支持,xlsx/json,"sku_id,model,target_region,voltage,frequency,plug,certification_mark",极高,待收集,周更,上线前必须替换为官方或内部真实文档,synthetic_seed,pending,compatibility_install_card,zh-CN,tier1_official
CHK0038,安装条件,Liebherr_LIEB-BFR-EU-2027_安装条件卡,SKU安装条件卡,SKU,SKU-LIEB-BFR-EU,Liebherr,冰箱/酒柜,EU,安装手册/工程安装清单,技术支持,xlsx/json,"sku_id,dimensions,clearance,power_requirements,water_drain,installer_qualification",极高,待收集,周更,尺寸、电气或安装责任字段缺失时不得下结论,synthetic_seed,pending,compatibility_install_card,zh-CN,tier1_official
CHK0039,电压/频率/插头兼容,Liebherr_LIEB-FDR-UK-2028_SKU兼容安装卡,SKU兼容安装卡,SKU,SKU-LIEB-FDR-UK,Liebherr,冰箱/酒柜,UK,官方说明书/规格表/工程手册,商品运营+技术支持,xlsx/json,"sku_id,model,target_region,voltage,frequency,plug,certification_mark",极高,待收集,周更,上线前必须替换为官方或内部真实文档,synthetic_seed,pending,compatibility_install_card,zh-CN,tier1_official
CHK0040,安装条件,Liebherr_LIEB-FDR-UK-2028_安装条件卡,SKU安装条件卡,SKU,SKU-LIEB-FDR-UK,Liebherr,冰箱/酒柜,UK,安装手册/工程安装清单,技术支持,xlsx/json,"sku_id,dimensions,clearance,power_requirements,water_drain,installer_qualification",极高,待收集,周更,尺寸、电气或安装责任字段缺失时不得下结论,synthetic_seed,pending,compatibility_install_card,zh-CN,tier1_official
CHK0041,电压/频率/插头兼容,Liebherr_LIEB-WCN-EU-2029_SKU兼容安装卡,SKU兼容安装卡,SKU,SKU-LIEB-WCN-EU,Liebherr,冰箱/酒柜,EU,官方说明书/规格表/工程手册,商品运营+技术支持,xlsx/json,"sku_id,model,target_region,voltage,frequency,plug,certification_mark",极高,待收集,周更,上线前必须替换为官方或内部真实文档,synthetic_seed,pending,compatibility_install_card,zh-CN,tier1_official
CHK0042,安装条件,Liebherr_LIEB-WCN-EU-2029_安装条件卡,SKU安装条件卡,SKU,SKU-LIEB-WCN-EU,Liebherr,冰箱/酒柜,EU,安装手册/工程安装清单,技术支持,xlsx/json,"sku_id,dimensions,clearance,power_requirements,water_drain,installer_qualification",极高,待收集,周更,尺寸、电气或安装责任字段缺失时不得下结论,synthetic_seed,pending,compatibility_install_card,zh-CN,tier1_official
CHK0043,电压/频率/插头兼容,Fisher & Paykel_FISH-BFR-US-2027_SKU兼容安装卡,SKU兼容安装卡,SKU,SKU-FISH-BFR-US,Fisher & Paykel,冰箱/酒柜,US,官方说明书/规格表/工程手册,商品运营+技术支持,xlsx/json,"sku_id,model,target_region,voltage,frequency,plug,certification_mark",极高,待收集,周更,上线前必须替换为官方或内部真实文档,synthetic_seed,pending,compatibility_install_card,zh-CN,tier1_official
CHK0044,安装条件,Fisher & Paykel_FISH-BFR-US-2027_安装条件卡,SKU安装条件卡,SKU,SKU-FISH-BFR-US,Fisher & Paykel,冰箱/酒柜,US,安装手册/工程安装清单,技术支持,xlsx/json,"sku_id,dimensions,clearance,power_requirements,water_drain,installer_qualification",极高,待收集,周更,尺寸、电气或安装责任字段缺失时不得下结论,synthetic_seed,pending,compatibility_install_card,zh-CN,tier1_official
CHK0045,电压/频率/插头兼容,Fisher & Paykel_FISH-FDR-UK-2028_SKU兼容安装卡,SKU兼容安装卡,SKU,SKU-FISH-FDR-UK,Fisher & Paykel,冰箱/酒柜,UK,官方说明书/规格表/工程手册,商品运营+技术支持,xlsx/json,"sku_id,model,target_region,voltage,frequency,plug,certification_mark",极高,待收集,周更,上线前必须替换为官方或内部真实文档,synthetic_seed,pending,compatibility_install_card,zh-CN,tier1_official
CHK0046,安装条件,Fisher & Paykel_FISH-FDR-UK-2028_安装条件卡,SKU安装条件卡,SKU,SKU-FISH-FDR-UK,Fisher & Paykel,冰箱/酒柜,UK,安装手册/工程安装清单,技术支持,xlsx/json,"sku_id,dimensions,clearance,power_requirements,water_drain,installer_qualification",极高,待收集,周更,尺寸、电气或安装责任字段缺失时不得下结论,synthetic_seed,pending,compatibility_install_card,zh-CN,tier1_official
CHK0047,电压/频率/插头兼容,Fisher & Paykel_FISH-WCN-AU-2029_SKU兼容安装卡,SKU兼容安装卡,SKU,SKU-FISH-WCN-AU,Fisher & Paykel,冰箱/酒柜,AU,官方说明书/规格表/工程手册,商品运营+技术支持,xlsx/json,"sku_id,model,target_region,voltage,frequency,plug,certification_mark",极高,待收集,周更,上线前必须替换为官方或内部真实文档,synthetic_seed,pending,compatibility_install_card,zh-CN,tier1_official
CHK0048,安装条件,Fisher & Paykel_FISH-WCN-AU-2029_安装条件卡,SKU安装条件卡,SKU,SKU-FISH-WCN-AU,Fisher & Paykel,冰箱/酒柜,AU,安装手册/工程安装清单,技术支持,xlsx/json,"sku_id,dimensions,clearance,power_requirements,water_drain,installer_qualification",极高,待收集,周更,尺寸、电气或安装责任字段缺失时不得下结论,synthetic_seed,pending,compatibility_install_card,zh-CN,tier1_official
CHK0049,电压/频率/插头兼容,AEG_AEG-WFL-EU-2027_SKU兼容安装卡,SKU兼容安装卡,SKU,SKU-AEG-WFL-EU,AEG,洗衣机/烘干机,EU,官方说明书/规格表/工程手册,商品运营+技术支持,xlsx/json,"sku_id,model,target_region,voltage,frequency,plug,certification_mark",极高,待收集,周更,上线前必须替换为官方或内部真实文档,synthetic_seed,pending,compatibility_install_card,zh-CN,tier1_official
CHK0050,安装条件,AEG_AEG-WFL-EU-2027_安装条件卡,SKU安装条件卡,SKU,SKU-AEG-WFL-EU,AEG,洗衣机/烘干机,EU,安装手册/工程安装清单,技术支持,xlsx/json,"sku_id,dimensions,clearance,power_requirements,water_drain,installer_qualification",极高,待收集,周更,尺寸、电气或安装责任字段缺失时不得下结论,synthetic_seed,pending,compatibility_install_card,zh-CN,tier1_official
CHK0051,电压/频率/插头兼容,AEG_AEG-HPD-UK-2028_SKU兼容安装卡,SKU兼容安装卡,SKU,SKU-AEG-HPD-UK,AEG,洗衣机/烘干机,UK,官方说明书/规格表/工程手册,商品运营+技术支持,xlsx/json,"sku_id,model,target_region,voltage,frequency,plug,certification_mark",极高,待收集,周更,上线前必须替换为官方或内部真实文档,synthetic_seed,pending,compatibility_install_card,zh-CN,tier1_official
CHK0052,安装条件,AEG_AEG-HPD-UK-2028_安装条件卡,SKU安装条件卡,SKU,SKU-AEG-HPD-UK,AEG,洗衣机/烘干机,UK,安装手册/工程安装清单,技术支持,xlsx/json,"sku_id,dimensions,clearance,power_requirements,water_drain,installer_qualification",极高,待收集,周更,尺寸、电气或安装责任字段缺失时不得下结论,synthetic_seed,pending,compatibility_install_card,zh-CN,tier1_official
CHK0053,电压/频率/插头兼容,AEG_AEG-WDC-EU-2029_SKU兼容安装卡,SKU兼容安装卡,SKU,SKU-AEG-WDC-EU,AEG,洗衣机/烘干机,EU,官方说明书/规格表/工程手册,商品运营+技术支持,xlsx/json,"sku_id,model,target_region,voltage,frequency,plug,certification_mark",极高,待收集,周更,上线前必须替换为官方或内部真实文档,synthetic_seed,pending,compatibility_install_card,zh-CN,tier1_official
CHK0054,安装条件,AEG_AEG-WDC-EU-2029_安装条件卡,SKU安装条件卡,SKU,SKU-AEG-WDC-EU,AEG,洗衣机/烘干机,EU,安装手册/工程安装清单,技术支持,xlsx/json,"sku_id,dimensions,clearance,power_requirements,water_drain,installer_qualification",极高,待收集,周更,尺寸、电气或安装责任字段缺失时不得下结论,synthetic_seed,pending,compatibility_install_card,zh-CN,tier1_official
CHK0055,电压/频率/插头兼容,Electrolux_ELEC-WFL-US-2027_SKU兼容安装卡,SKU兼容安装卡,SKU,SKU-ELEC-WFL-US,Electrolux,洗衣机/烘干机,US,官方说明书/规格表/工程手册,商品运营+技术支持,xlsx/json,"sku_id,model,target_region,voltage,frequency,plug,certification_mark",极高,待收集,周更,上线前必须替换为官方或内部真实文档,synthetic_seed,pending,compatibility_install_card,zh-CN,tier1_official
CHK0056,安装条件,Electrolux_ELEC-WFL-US-2027_安装条件卡,SKU安装条件卡,SKU,SKU-ELEC-WFL-US,Electrolux,洗衣机/烘干机,US,安装手册/工程安装清单,技术支持,xlsx/json,"sku_id,dimensions,clearance,power_requirements,water_drain,installer_qualification",极高,待收集,周更,尺寸、电气或安装责任字段缺失时不得下结论,synthetic_seed,pending,compatibility_install_card,zh-CN,tier1_official
CHK0057,电压/频率/插头兼容,Electrolux_ELEC-HPD-EU-2028_SKU兼容安装卡,SKU兼容安装卡,SKU,SKU-ELEC-HPD-EU,Electrolux,洗衣机/烘干机,EU,官方说明书/规格表/工程手册,商品运营+技术支持,xlsx/json,"sku_id,model,target_region,voltage,frequency,plug,certification_mark",极高,待收集,周更,上线前必须替换为官方或内部真实文档,synthetic_seed,pending,compatibility_install_card,zh-CN,tier1_official
CHK0058,安装条件,Electrolux_ELEC-HPD-EU-2028_安装条件卡,SKU安装条件卡,SKU,SKU-ELEC-HPD-EU,Electrolux,洗衣机/烘干机,EU,安装手册/工程安装清单,技术支持,xlsx/json,"sku_id,dimensions,clearance,power_requirements,water_drain,installer_qualification",极高,待收集,周更,尺寸、电气或安装责任字段缺失时不得下结论,synthetic_seed,pending,compatibility_install_card,zh-CN,tier1_official
CHK0059,电压/频率/插头兼容,Electrolux_ELEC-WDC-UK-2029_SKU兼容安装卡,SKU兼容安装卡,SKU,SKU-ELEC-WDC-UK,Electrolux,洗衣机/烘干机,UK,官方说明书/规格表/工程手册,商品运营+技术支持,xlsx/json,"sku_id,model,target_region,voltage,frequency,plug,certification_mark",极高,待收集,周更,上线前必须替换为官方或内部真实文档,synthetic_seed,pending,compatibility_install_card,zh-CN,tier1_official
CHK0060,安装条件,Electrolux_ELEC-WDC-UK-2029_安装条件卡,SKU安装条件卡,SKU,SKU-ELEC-WDC-UK,Electrolux,洗衣机/烘干机,UK,安装手册/工程安装清单,技术支持,xlsx/json,"sku_id,dimensions,clearance,power_requirements,water_drain,installer_qualification",极高,待收集,周更,尺寸、电气或安装责任字段缺失时不得下结论,synthetic_seed,pending,compatibility_install_card,zh-CN,tier1_official
CHK0061,电压/频率/插头兼容,Dyson_DYSO-RVC-US-2027_SKU兼容安装卡,SKU兼容安装卡,SKU,SKU-DYSO-RVC-US,Dyson,地面清洁设备,US,官方说明书/规格表/工程手册,商品运营+技术支持,xlsx/json,"sku_id,model,target_region,voltage,frequency,plug,certification_mark",极高,待收集,周更,上线前必须替换为官方或内部真实文档,synthetic_seed,pending,compatibility_install_card,zh-CN,tier1_official
CHK0062,安装条件,Dyson_DYSO-RVC-US-2027_安装条件卡,SKU安装条件卡,SKU,SKU-DYSO-RVC-US,Dyson,地面清洁设备,US,安装手册/工程安装清单,技术支持,xlsx/json,"sku_id,dimensions,clearance,power_requirements,water_drain,installer_qualification",高,待收集,周更,尺寸、电气或安装责任字段缺失时不得下结论,synthetic_seed,pending,compatibility_install_card,zh-CN,tier1_official
CHK0063,电压/频率/插头兼容,Dyson_DYSO-CDV-EU-2028_SKU兼容安装卡,SKU兼容安装卡,SKU,SKU-DYSO-CDV-EU,Dyson,地面清洁设备,EU,官方说明书/规格表/工程手册,商品运营+技术支持,xlsx/json,"sku_id,model,target_region,voltage,frequency,plug,certification_mark",极高,待收集,周更,上线前必须替换为官方或内部真实文档,synthetic_seed,pending,compatibility_install_card,zh-CN,tier1_official
CHK0064,安装条件,Dyson_DYSO-CDV-EU-2028_安装条件卡,SKU安装条件卡,SKU,SKU-DYSO-CDV-EU,Dyson,地面清洁设备,EU,安装手册/工程安装清单,技术支持,xlsx/json,"sku_id,dimensions,clearance,power_requirements,water_drain,installer_qualification",高,待收集,周更,尺寸、电气或安装责任字段缺失时不得下结论,synthetic_seed,pending,compatibility_install_card,zh-CN,tier1_official
CHK0065,电压/频率/插头兼容,Dyson_DYSO-WFW-UK-2029_SKU兼容安装卡,SKU兼容安装卡,SKU,SKU-DYSO-WFW-UK,Dyson,地面清洁设备,UK,官方说明书/规格表/工程手册,商品运营+技术支持,xlsx/json,"sku_id,model,target_region,voltage,frequency,plug,certification_mark",极高,待收集,周更,上线前必须替换为官方或内部真实文档,synthetic_seed,pending,compatibility_install_card,zh-CN,tier1_official
CHK0066,安装条件,Dyson_DYSO-WFW-UK-2029_安装条件卡,SKU安装条件卡,SKU,SKU-DYSO-WFW-UK,Dyson,地面清洁设备,UK,安装手册/工程安装清单,技术支持,xlsx/json,"sku_id,dimensions,clearance,power_requirements,water_drain,installer_qualification",高,待收集,周更,尺寸、电气或安装责任字段缺失时不得下结论,synthetic_seed,pending,compatibility_install_card,zh-CN,tier1_official
CHK0067,电压/频率/插头兼容,iRobot_IROB-RVC-US-2027_SKU兼容安装卡,SKU兼容安装卡,SKU,SKU-IROB-RVC-US,iRobot,地面清洁设备,US,官方说明书/规格表/工程手册,商品运营+技术支持,xlsx/json,"sku_id,model,target_region,voltage,frequency,plug,certification_mark",极高,待收集,周更,上线前必须替换为官方或内部真实文档,synthetic_seed,pending,compatibility_install_card,zh-CN,tier1_official
CHK0068,安装条件,iRobot_IROB-RVC-US-2027_安装条件卡,SKU安装条件卡,SKU,SKU-IROB-RVC-US,iRobot,地面清洁设备,US,安装手册/工程安装清单,技术支持,xlsx/json,"sku_id,dimensions,clearance,power_requirements,water_drain,installer_qualification",高,待收集,周更,尺寸、电气或安装责任字段缺失时不得下结论,synthetic_seed,pending,compatibility_install_card,zh-CN,tier1_official
CHK0069,电压/频率/插头兼容,iRobot_IROB-CDV-EU-2028_SKU兼容安装卡,SKU兼容安装卡,SKU,SKU-IROB-CDV-EU,iRobot,地面清洁设备,EU,官方说明书/规格表/工程手册,商品运营+技术支持,xlsx/json,"sku_id,model,target_region,voltage,frequency,plug,certification_mark",极高,待收集,周更,上线前必须替换为官方或内部真实文档,synthetic_seed,pending,compatibility_install_card,zh-CN,tier1_official
CHK0070,安装条件,iRobot_IROB-CDV-EU-2028_安装条件卡,SKU安装条件卡,SKU,SKU-IROB-CDV-EU,iRobot,地面清洁设备,EU,安装手册/工程安装清单,技术支持,xlsx/json,"sku_id,dimensions,clearance,power_requirements,water_drain,installer_qualification",高,待收集,周更,尺寸、电气或安装责任字段缺失时不得下结论,synthetic_seed,pending,compatibility_install_card,zh-CN,tier1_official
CHK0071,电压/频率/插头兼容,iRobot_IROB-WFW-UK-2029_SKU兼容安装卡,SKU兼容安装卡,SKU,SKU-IROB-WFW-UK,iRobot,地面清洁设备,UK,官方说明书/规格表/工程手册,商品运营+技术支持,xlsx/json,"sku_id,model,target_region,voltage,frequency,plug,certification_mark",极高,待收集,周更,上线前必须替换为官方或内部真实文档,synthetic_seed,pending,compatibility_install_card,zh-CN,tier1_official
CHK0072,安装条件,iRobot_IROB-WFW-UK-2029_安装条件卡,SKU安装条件卡,SKU,SKU-IROB-WFW-UK,iRobot,地面清洁设备,UK,安装手册/工程安装清单,技术支持,xlsx/json,"sku_id,dimensions,clearance,power_requirements,water_drain,installer_qualification",高,待收集,周更,尺寸、电气或安装责任字段缺失时不得下结论,synthetic_seed,pending,compatibility_install_card,zh-CN,tier1_official
CHK0073,电压/频率/插头兼容,Blueair_BLUE-TAP-US-2027_SKU兼容安装卡,SKU兼容安装卡,SKU,SKU-BLUE-TAP-US,Blueair,空气净化器,US,官方说明书/规格表/工程手册,商品运营+技术支持,xlsx/json,"sku_id,model,target_region,voltage,frequency,plug,certification_mark",极高,待收集,周更,上线前必须替换为官方或内部真实文档,synthetic_seed,pending,compatibility_install_card,zh-CN,tier1_official
CHK0074,安装条件,Blueair_BLUE-TAP-US-2027_安装条件卡,SKU安装条件卡,SKU,SKU-BLUE-TAP-US,Blueair,空气净化器,US,安装手册/工程安装清单,技术支持,xlsx/json,"sku_id,dimensions,clearance,power_requirements,water_drain,installer_qualification",高,待收集,周更,尺寸、电气或安装责任字段缺失时不得下结论,synthetic_seed,pending,compatibility_install_card,zh-CN,tier1_official
CHK0075,电压/频率/插头兼容,Blueair_BLUE-HEP-EU-2028_SKU兼容安装卡,SKU兼容安装卡,SKU,SKU-BLUE-HEP-EU,Blueair,空气净化器,EU,官方说明书/规格表/工程手册,商品运营+技术支持,xlsx/json,"sku_id,model,target_region,voltage,frequency,plug,certification_mark",极高,待收集,周更,上线前必须替换为官方或内部真实文档,synthetic_seed,pending,compatibility_install_card,zh-CN,tier1_official
CHK0076,安装条件,Blueair_BLUE-HEP-EU-2028_安装条件卡,SKU安装条件卡,SKU,SKU-BLUE-HEP-EU,Blueair,空气净化器,EU,安装手册/工程安装清单,技术支持,xlsx/json,"sku_id,dimensions,clearance,power_requirements,water_drain,installer_qualification",高,待收集,周更,尺寸、电气或安装责任字段缺失时不得下结论,synthetic_seed,pending,compatibility_install_card,zh-CN,tier1_official
CHK0077,电压/频率/插头兼容,Blueair_BLUE-HMP-UK-2029_SKU兼容安装卡,SKU兼容安装卡,SKU,SKU-BLUE-HMP-UK,Blueair,空气净化器,UK,官方说明书/规格表/工程手册,商品运营+技术支持,xlsx/json,"sku_id,model,target_region,voltage,frequency,plug,certification_mark",极高,待收集,周更,上线前必须替换为官方或内部真实文档,synthetic_seed,pending,compatibility_install_card,zh-CN,tier1_official
CHK0078,安装条件,Blueair_BLUE-HMP-UK-2029_安装条件卡,SKU安装条件卡,SKU,SKU-BLUE-HMP-UK,Blueair,空气净化器,UK,安装手册/工程安装清单,技术支持,xlsx/json,"sku_id,dimensions,clearance,power_requirements,water_drain,installer_qualification",高,待收集,周更,尺寸、电气或安装责任字段缺失时不得下结论,synthetic_seed,pending,compatibility_install_card,zh-CN,tier1_official
CHK0079,电压/频率/插头兼容,Stadler Form_STAD-TAP-EU-2027_SKU兼容安装卡,SKU兼容安装卡,SKU,SKU-STAD-TAP-EU,Stadler Form,空气净化器,EU,官方说明书/规格表/工程手册,商品运营+技术支持,xlsx/json,"sku_id,model,target_region,voltage,frequency,plug,certification_mark",极高,待收集,周更,上线前必须替换为官方或内部真实文档,synthetic_seed,pending,compatibility_install_card,zh-CN,tier1_official
CHK0080,安装条件,Stadler Form_STAD-TAP-EU-2027_安装条件卡,SKU安装条件卡,SKU,SKU-STAD-TAP-EU,Stadler Form,空气净化器,EU,安装手册/工程安装清单,技术支持,xlsx/json,"sku_id,dimensions,clearance,power_requirements,water_drain,installer_qualification",高,待收集,周更,尺寸、电气或安装责任字段缺失时不得下结论,synthetic_seed,pending,compatibility_install_card,zh-CN,tier1_official
CHK0081,电压/频率/插头兼容,Stadler Form_STAD-HEP-UK-2028_SKU兼容安装卡,SKU兼容安装卡,SKU,SKU-STAD-HEP-UK,Stadler Form,空气净化器,UK,官方说明书/规格表/工程手册,商品运营+技术支持,xlsx/json,"sku_id,model,target_region,voltage,frequency,plug,certification_mark",极高,待收集,周更,上线前必须替换为官方或内部真实文档,synthetic_seed,pending,compatibility_install_card,zh-CN,tier1_official
CHK0082,安装条件,Stadler Form_STAD-HEP-UK-2028_安装条件卡,SKU安装条件卡,SKU,SKU-STAD-HEP-UK,Stadler Form,空气净化器,UK,安装手册/工程安装清单,技术支持,xlsx/json,"sku_id,dimensions,clearance,power_requirements,water_drain,installer_qualification",高,待收集,周更,尺寸、电气或安装责任字段缺失时不得下结论,synthetic_seed,pending,compatibility_install_card,zh-CN,tier1_official
CHK0083,电压/频率/插头兼容,Stadler Form_STAD-HMP-EU-2029_SKU兼容安装卡,SKU兼容安装卡,SKU,SKU-STAD-HMP-EU,Stadler Form,空气净化器,EU,官方说明书/规格表/工程手册,商品运营+技术支持,xlsx/json,"sku_id,model,target_region,voltage,frequency,plug,certification_mark",极高,待收集,周更,上线前必须替换为官方或内部真实文档,synthetic_seed,pending,compatibility_install_card,zh-CN,tier1_official
CHK0084,安装条件,Stadler Form_STAD-HMP-EU-2029_安装条件卡,SKU安装条件卡,SKU,SKU-STAD-HMP-EU,Stadler Form,空气净化器,EU,安装手册/工程安装清单,技术支持,xlsx/json,"sku_id,dimensions,clearance,power_requirements,water_drain,installer_qualification",高,待收集,周更,尺寸、电气或安装责任字段缺失时不得下结论,synthetic_seed,pending,compatibility_install_card,zh-CN,tier1_official
CHK0085,电压/频率/插头兼容,Panasonic_PANA-INV-JP-2027_SKU兼容安装卡,SKU兼容安装卡,SKU,SKU-PANA-INV-JP,Panasonic,微波炉/蒸烤一体机,JP,官方说明书/规格表/工程手册,商品运营+技术支持,xlsx/json,"sku_id,model,target_region,voltage,frequency,plug,certification_mark",极高,待收集,周更,上线前必须替换为官方或内部真实文档,synthetic_seed,pending,compatibility_install_card,zh-CN,tier1_official
CHK0086,安装条件,Panasonic_PANA-INV-JP-2027_安装条件卡,SKU安装条件卡,SKU,SKU-PANA-INV-JP,Panasonic,微波炉/蒸烤一体机,JP,安装手册/工程安装清单,技术支持,xlsx/json,"sku_id,dimensions,clearance,power_requirements,water_drain,installer_qualification",极高,待收集,周更,尺寸、电气或安装责任字段缺失时不得下结论,synthetic_seed,pending,compatibility_install_card,zh-CN,tier1_official
CHK0087,电压/频率/插头兼容,Panasonic_PANA-COM-US-2028_SKU兼容安装卡,SKU兼容安装卡,SKU,SKU-PANA-COM-US,Panasonic,微波炉/蒸烤一体机,US,官方说明书/规格表/工程手册,商品运营+技术支持,xlsx/json,"sku_id,model,target_region,voltage,frequency,plug,certification_mark",极高,待收集,周更,上线前必须替换为官方或内部真实文档,synthetic_seed,pending,compatibility_install_card,zh-CN,tier1_official
CHK0088,安装条件,Panasonic_PANA-COM-US-2028_安装条件卡,SKU安装条件卡,SKU,SKU-PANA-COM-US,Panasonic,微波炉/蒸烤一体机,US,安装手册/工程安装清单,技术支持,xlsx/json,"sku_id,dimensions,clearance,power_requirements,water_drain,installer_qualification",极高,待收集,周更,尺寸、电气或安装责任字段缺失时不得下结论,synthetic_seed,pending,compatibility_install_card,zh-CN,tier1_official
CHK0089,电压/频率/插头兼容,Panasonic_PANA-GRL-EU-2029_SKU兼容安装卡,SKU兼容安装卡,SKU,SKU-PANA-GRL-EU,Panasonic,微波炉/蒸烤一体机,EU,官方说明书/规格表/工程手册,商品运营+技术支持,xlsx/json,"sku_id,model,target_region,voltage,frequency,plug,certification_mark",极高,待收集,周更,上线前必须替换为官方或内部真实文档,synthetic_seed,pending,compatibility_install_card,zh-CN,tier1_official
CHK0090,安装条件,Panasonic_PANA-GRL-EU-2029_安装条件卡,SKU安装条件卡,SKU,SKU-PANA-GRL-EU,Panasonic,微波炉/蒸烤一体机,EU,安装手册/工程安装清单,技术支持,xlsx/json,"sku_id,dimensions,clearance,power_requirements,water_drain,installer_qualification",极高,待收集,周更,尺寸、电气或安装责任字段缺失时不得下结论,synthetic_seed,pending,compatibility_install_card,zh-CN,tier1_official
CHK0091,电压/频率/插头兼容,Russell Hobbs_RUSS-INV-UK-2027_SKU兼容安装卡,SKU兼容安装卡,SKU,SKU-RUSS-INV-UK,Russell Hobbs,微波炉/蒸烤一体机,UK,官方说明书/规格表/工程手册,商品运营+技术支持,xlsx/json,"sku_id,model,target_region,voltage,frequency,plug,certification_mark",极高,待收集,周更,上线前必须替换为官方或内部真实文档,synthetic_seed,pending,compatibility_install_card,zh-CN,tier1_official
CHK0092,安装条件,Russell Hobbs_RUSS-INV-UK-2027_安装条件卡,SKU安装条件卡,SKU,SKU-RUSS-INV-UK,Russell Hobbs,微波炉/蒸烤一体机,UK,安装手册/工程安装清单,技术支持,xlsx/json,"sku_id,dimensions,clearance,power_requirements,water_drain,installer_qualification",极高,待收集,周更,尺寸、电气或安装责任字段缺失时不得下结论,synthetic_seed,pending,compatibility_install_card,zh-CN,tier1_official
CHK0093,电压/频率/插头兼容,Russell Hobbs_RUSS-COM-EU-2028_SKU兼容安装卡,SKU兼容安装卡,SKU,SKU-RUSS-COM-EU,Russell Hobbs,微波炉/蒸烤一体机,EU,官方说明书/规格表/工程手册,商品运营+技术支持,xlsx/json,"sku_id,model,target_region,voltage,frequency,plug,certification_mark",极高,待收集,周更,上线前必须替换为官方或内部真实文档,synthetic_seed,pending,compatibility_install_card,zh-CN,tier1_official
CHK0094,安装条件,Russell Hobbs_RUSS-COM-EU-2028_安装条件卡,SKU安装条件卡,SKU,SKU-RUSS-COM-EU,Russell Hobbs,微波炉/蒸烤一体机,EU,安装手册/工程安装清单,技术支持,xlsx/json,"sku_id,dimensions,clearance,power_requirements,water_drain,installer_qualification",极高,待收集,周更,尺寸、电气或安装责任字段缺失时不得下结论,synthetic_seed,pending,compatibility_install_card,zh-CN,tier1_official
CHK0095,电压/频率/插头兼容,Russell Hobbs_RUSS-GRL-US-2029_SKU兼容安装卡,SKU兼容安装卡,SKU,SKU-RUSS-GRL-US,Russell Hobbs,微波炉/蒸烤一体机,US,官方说明书/规格表/工程手册,商品运营+技术支持,xlsx/json,"sku_id,model,target_region,voltage,frequency,plug,certification_mark",极高,待收集,周更,上线前必须替换为官方或内部真实文档,synthetic_seed,pending,compatibility_install_card,zh-CN,tier1_official
CHK0096,安装条件,Russell Hobbs_RUSS-GRL-US-2029_安装条件卡,SKU安装条件卡,SKU,SKU-RUSS-GRL-US,Russell Hobbs,微波炉/蒸烤一体机,US,安装手册/工程安装清单,技术支持,xlsx/json,"sku_id,dimensions,clearance,power_requirements,water_drain,installer_qualification",极高,待收集,周更,尺寸、电气或安装责任字段缺失时不得下结论,synthetic_seed,pending,compatibility_install_card,zh-CN,tier1_official
CHK0097,电压/频率/插头兼容,Elica_ELIC-HOD-US-2027_SKU兼容安装卡,SKU兼容安装卡,SKU,SKU-ELIC-HOD-US,Elica,烟机/电磁灶,US,官方说明书/规格表/工程手册,商品运营+技术支持,xlsx/json,"sku_id,model,target_region,voltage,frequency,plug,certification_mark",极高,待收集,周更,上线前必须替换为官方或内部真实文档,synthetic_seed,pending,compatibility_install_card,zh-CN,tier1_official
CHK0098,安装条件,Elica_ELIC-HOD-US-2027_安装条件卡,SKU安装条件卡,SKU,SKU-ELIC-HOD-US,Elica,烟机/电磁灶,US,安装手册/工程安装清单,技术支持,xlsx/json,"sku_id,dimensions,clearance,power_requirements,water_drain,installer_qualification",极高,待收集,周更,尺寸、电气或安装责任字段缺失时不得下结论,synthetic_seed,pending,compatibility_install_card,zh-CN,tier1_official
CHK0099,电压/频率/插头兼容,Elica_ELIC-IDC-EU-2028_SKU兼容安装卡,SKU兼容安装卡,SKU,SKU-ELIC-IDC-EU,Elica,烟机/电磁灶,EU,官方说明书/规格表/工程手册,商品运营+技术支持,xlsx/json,"sku_id,model,target_region,voltage,frequency,plug,certification_mark",极高,待收集,周更,上线前必须替换为官方或内部真实文档,synthetic_seed,pending,compatibility_install_card,zh-CN,tier1_official
CHK0100,安装条件,Elica_ELIC-IDC-EU-2028_安装条件卡,SKU安装条件卡,SKU,SKU-ELIC-IDC-EU,Elica,烟机/电磁灶,EU,安装手册/工程安装清单,技术支持,xlsx/json,"sku_id,dimensions,clearance,power_requirements,water_drain,installer_qualification",极高,待收集,周更,尺寸、电气或安装责任字段缺失时不得下结论,synthetic_seed,pending,compatibility_install_card,zh-CN,tier1_official
CHK0101,电压/频率/插头兼容,Elica_ELIC-DOW-UK-2029_SKU兼容安装卡,SKU兼容安装卡,SKU,SKU-ELIC-DOW-UK,Elica,烟机/电磁灶,UK,官方说明书/规格表/工程手册,商品运营+技术支持,xlsx/json,"sku_id,model,target_region,voltage,frequency,plug,certification_mark",极高,待收集,周更,上线前必须替换为官方或内部真实文档,synthetic_seed,pending,compatibility_install_card,zh-CN,tier1_official
CHK0102,安装条件,Elica_ELIC-DOW-UK-2029_安装条件卡,SKU安装条件卡,SKU,SKU-ELIC-DOW-UK,Elica,烟机/电磁灶,UK,安装手册/工程安装清单,技术支持,xlsx/json,"sku_id,dimensions,clearance,power_requirements,water_drain,installer_qualification",极高,待收集,周更,尺寸、电气或安装责任字段缺失时不得下结论,synthetic_seed,pending,compatibility_install_card,zh-CN,tier1_official
CHK0103,电压/频率/插头兼容,Bertazzoni_BERT-HOD-US-2027_SKU兼容安装卡,SKU兼容安装卡,SKU,SKU-BERT-HOD-US,Bertazzoni,烟机/电磁灶,US,官方说明书/规格表/工程手册,商品运营+技术支持,xlsx/json,"sku_id,model,target_region,voltage,frequency,plug,certification_mark",极高,待收集,周更,上线前必须替换为官方或内部真实文档,synthetic_seed,pending,compatibility_install_card,zh-CN,tier1_official
CHK0104,安装条件,Bertazzoni_BERT-HOD-US-2027_安装条件卡,SKU安装条件卡,SKU,SKU-BERT-HOD-US,Bertazzoni,烟机/电磁灶,US,安装手册/工程安装清单,技术支持,xlsx/json,"sku_id,dimensions,clearance,power_requirements,water_drain,installer_qualification",极高,待收集,周更,尺寸、电气或安装责任字段缺失时不得下结论,synthetic_seed,pending,compatibility_install_card,zh-CN,tier1_official
CHK0105,电压/频率/插头兼容,Bertazzoni_BERT-IDC-EU-2028_SKU兼容安装卡,SKU兼容安装卡,SKU,SKU-BERT-IDC-EU,Bertazzoni,烟机/电磁灶,EU,官方说明书/规格表/工程手册,商品运营+技术支持,xlsx/json,"sku_id,model,target_region,voltage,frequency,plug,certification_mark",极高,待收集,周更,上线前必须替换为官方或内部真实文档,synthetic_seed,pending,compatibility_install_card,zh-CN,tier1_official
CHK0106,安装条件,Bertazzoni_BERT-IDC-EU-2028_安装条件卡,SKU安装条件卡,SKU,SKU-BERT-IDC-EU,Bertazzoni,烟机/电磁灶,EU,安装手册/工程安装清单,技术支持,xlsx/json,"sku_id,dimensions,clearance,power_requirements,water_drain,installer_qualification",极高,待收集,周更,尺寸、电气或安装责任字段缺失时不得下结论,synthetic_seed,pending,compatibility_install_card,zh-CN,tier1_official
CHK0107,电压/频率/插头兼容,Bertazzoni_BERT-DOW-UK-2029_SKU兼容安装卡,SKU兼容安装卡,SKU,SKU-BERT-DOW-UK,Bertazzoni,烟机/电磁灶,UK,官方说明书/规格表/工程手册,商品运营+技术支持,xlsx/json,"sku_id,model,target_region,voltage,frequency,plug,certification_mark",极高,待收集,周更,上线前必须替换为官方或内部真实文档,synthetic_seed,pending,compatibility_install_card,zh-CN,tier1_official
CHK0108,安装条件,Bertazzoni_BERT-DOW-UK-2029_安装条件卡,SKU安装条件卡,SKU,SKU-BERT-DOW-UK,Bertazzoni,烟机/电磁灶,UK,安装手册/工程安装清单,技术支持,xlsx/json,"sku_id,dimensions,clearance,power_requirements,water_drain,installer_qualification",极高,待收集,周更,尺寸、电气或安装责任字段缺失时不得下结论,synthetic_seed,pending,compatibility_install_card,zh-CN,tier1_official
CHK0109,电压/频率/插头兼容,Dualit_DUAL-KTL-UK-2027_SKU兼容安装卡,SKU兼容安装卡,SKU,SKU-DUAL-KTL-UK,Dualit,电热水壶/厨师机/食物处理,UK,官方说明书/规格表/工程手册,商品运营+技术支持,xlsx/json,"sku_id,model,target_region,voltage,frequency,plug,certification_mark",极高,待收集,周更,上线前必须替换为官方或内部真实文档,synthetic_seed,pending,compatibility_install_card,zh-CN,tier1_official
CHK0110,安装条件,Dualit_DUAL-KTL-UK-2027_安装条件卡,SKU安装条件卡,SKU,SKU-DUAL-KTL-UK,Dualit,电热水壶/厨师机/食物处理,UK,安装手册/工程安装清单,技术支持,xlsx/json,"sku_id,dimensions,clearance,power_requirements,water_drain,installer_qualification",高,待收集,周更,尺寸、电气或安装责任字段缺失时不得下结论,synthetic_seed,pending,compatibility_install_card,zh-CN,tier1_official
CHK0111,电压/频率/插头兼容,Dualit_DUAL-MIX-EU-2028_SKU兼容安装卡,SKU兼容安装卡,SKU,SKU-DUAL-MIX-EU,Dualit,电热水壶/厨师机/食物处理,EU,官方说明书/规格表/工程手册,商品运营+技术支持,xlsx/json,"sku_id,model,target_region,voltage,frequency,plug,certification_mark",极高,待收集,周更,上线前必须替换为官方或内部真实文档,synthetic_seed,pending,compatibility_install_card,zh-CN,tier1_official
CHK0112,安装条件,Dualit_DUAL-MIX-EU-2028_安装条件卡,SKU安装条件卡,SKU,SKU-DUAL-MIX-EU,Dualit,电热水壶/厨师机/食物处理,EU,安装手册/工程安装清单,技术支持,xlsx/json,"sku_id,dimensions,clearance,power_requirements,water_drain,installer_qualification",高,待收集,周更,尺寸、电气或安装责任字段缺失时不得下结论,synthetic_seed,pending,compatibility_install_card,zh-CN,tier1_official
CHK0113,电压/频率/插头兼容,Dualit_DUAL-PRC-US-2029_SKU兼容安装卡,SKU兼容安装卡,SKU,SKU-DUAL-PRC-US,Dualit,电热水壶/厨师机/食物处理,US,官方说明书/规格表/工程手册,商品运营+技术支持,xlsx/json,"sku_id,model,target_region,voltage,frequency,plug,certification_mark",极高,待收集,周更,上线前必须替换为官方或内部真实文档,synthetic_seed,pending,compatibility_install_card,zh-CN,tier1_official
CHK0114,安装条件,Dualit_DUAL-PRC-US-2029_安装条件卡,SKU安装条件卡,SKU,SKU-DUAL-PRC-US,Dualit,电热水壶/厨师机/食物处理,US,安装手册/工程安装清单,技术支持,xlsx/json,"sku_id,dimensions,clearance,power_requirements,water_drain,installer_qualification",高,待收集,周更,尺寸、电气或安装责任字段缺失时不得下结论,synthetic_seed,pending,compatibility_install_card,zh-CN,tier1_official
CHK0115,电压/频率/插头兼容,Kenwood_KENW-KTL-UK-2027_SKU兼容安装卡,SKU兼容安装卡,SKU,SKU-KENW-KTL-UK,Kenwood,电热水壶/厨师机/食物处理,UK,官方说明书/规格表/工程手册,商品运营+技术支持,xlsx/json,"sku_id,model,target_region,voltage,frequency,plug,certification_mark",极高,待收集,周更,上线前必须替换为官方或内部真实文档,synthetic_seed,pending,compatibility_install_card,zh-CN,tier1_official
CHK0116,安装条件,Kenwood_KENW-KTL-UK-2027_安装条件卡,SKU安装条件卡,SKU,SKU-KENW-KTL-UK,Kenwood,电热水壶/厨师机/食物处理,UK,安装手册/工程安装清单,技术支持,xlsx/json,"sku_id,dimensions,clearance,power_requirements,water_drain,installer_qualification",高,待收集,周更,尺寸、电气或安装责任字段缺失时不得下结论,synthetic_seed,pending,compatibility_install_card,zh-CN,tier1_official
CHK0117,电压/频率/插头兼容,Kenwood_KENW-MIX-EU-2028_SKU兼容安装卡,SKU兼容安装卡,SKU,SKU-KENW-MIX-EU,Kenwood,电热水壶/厨师机/食物处理,EU,官方说明书/规格表/工程手册,商品运营+技术支持,xlsx/json,"sku_id,model,target_region,voltage,frequency,plug,certification_mark",极高,待收集,周更,上线前必须替换为官方或内部真实文档,synthetic_seed,pending,compatibility_install_card,zh-CN,tier1_official
CHK0118,安装条件,Kenwood_KENW-MIX-EU-2028_安装条件卡,SKU安装条件卡,SKU,SKU-KENW-MIX-EU,Kenwood,电热水壶/厨师机/食物处理,EU,安装手册/工程安装清单,技术支持,xlsx/json,"sku_id,dimensions,clearance,power_requirements,water_drain,installer_qualification",高,待收集,周更,尺寸、电气或安装责任字段缺失时不得下结论,synthetic_seed,pending,compatibility_install_card,zh-CN,tier1_official
CHK0119,电压/频率/插头兼容,Kenwood_KENW-PRC-AE-2029_SKU兼容安装卡,SKU兼容安装卡,SKU,SKU-KENW-PRC-AE,Kenwood,电热水壶/厨师机/食物处理,AE,官方说明书/规格表/工程手册,商品运营+技术支持,xlsx/json,"sku_id,model,target_region,voltage,frequency,plug,certification_mark",极高,待收集,周更,上线前必须替换为官方或内部真实文档,synthetic_seed,pending,compatibility_install_card,zh-CN,tier1_official
CHK0120,安装条件,Kenwood_KENW-PRC-AE-2029_安装条件卡,SKU安装条件卡,SKU,SKU-KENW-PRC-AE,Kenwood,电热水壶/厨师机/食物处理,AE,安装手册/工程安装清单,技术支持,xlsx/json,"sku_id,dimensions,clearance,power_requirements,water_drain,installer_qualification",高,待收集,周更,尺寸、电气或安装责任字段缺失时不得下结论,synthetic_seed,pending,compatibility_install_card,zh-CN,tier1_official
CHK0121,保修地域,De'Longhi_EU_保修政策,品牌保修政策,Brand+Region,,De'Longhi,全自动/半自动咖啡机,EU,品牌保修条款/法务确认/售后网点,售后+法务,pdf/docx,"brand,purchase_region,use_region,warranty_term,exclusions,service_path",极高,待收集,月更,不得口头扩展保修范围,synthetic_seed,pending,warranty_region_policy,zh-CN,tier1_official
CHK0122,保修地域,De'Longhi_UK_保修政策,品牌保修政策,Brand+Region,,De'Longhi,全自动/半自动咖啡机,UK,品牌保修条款/法务确认/售后网点,售后+法务,pdf/docx,"brand,purchase_region,use_region,warranty_term,exclusions,service_path",极高,待收集,月更,不得口头扩展保修范围,synthetic_seed,pending,warranty_region_policy,zh-CN,tier1_official
CHK0123,保修地域,De'Longhi_US_保修政策,品牌保修政策,Brand+Region,,De'Longhi,全自动/半自动咖啡机,US,品牌保修条款/法务确认/售后网点,售后+法务,pdf/docx,"brand,purchase_region,use_region,warranty_term,exclusions,service_path",极高,待收集,月更,不得口头扩展保修范围,synthetic_seed,pending,warranty_region_policy,zh-CN,tier1_official
CHK0124,保修地域,Jura_EU_保修政策,品牌保修政策,Brand+Region,,Jura,全自动/半自动咖啡机,EU,品牌保修条款/法务确认/售后网点,售后+法务,pdf/docx,"brand,purchase_region,use_region,warranty_term,exclusions,service_path",极高,待收集,月更,不得口头扩展保修范围,synthetic_seed,pending,warranty_region_policy,zh-CN,tier1_official
CHK0125,保修地域,Jura_UK_保修政策,品牌保修政策,Brand+Region,,Jura,全自动/半自动咖啡机,UK,品牌保修条款/法务确认/售后网点,售后+法务,pdf/docx,"brand,purchase_region,use_region,warranty_term,exclusions,service_path",极高,待收集,月更,不得口头扩展保修范围,synthetic_seed,pending,warranty_region_policy,zh-CN,tier1_official
CHK0126,保修地域,Jura_US_保修政策,品牌保修政策,Brand+Region,,Jura,全自动/半自动咖啡机,US,品牌保修条款/法务确认/售后网点,售后+法务,pdf/docx,"brand,purchase_region,use_region,warranty_term,exclusions,service_path",极高,待收集,月更,不得口头扩展保修范围,synthetic_seed,pending,warranty_region_policy,zh-CN,tier1_official
CHK0127,保修地域,Smeg_EU_保修政策,品牌保修政策,Brand+Region,,Smeg,台式烤箱/空气炸烤箱,EU,品牌保修条款/法务确认/售后网点,售后+法务,pdf/docx,"brand,purchase_region,use_region,warranty_term,exclusions,service_path",极高,待收集,月更,不得口头扩展保修范围,synthetic_seed,pending,warranty_region_policy,zh-CN,tier1_official
CHK0128,保修地域,Smeg_UK_保修政策,品牌保修政策,Brand+Region,,Smeg,台式烤箱/空气炸烤箱,UK,品牌保修条款/法务确认/售后网点,售后+法务,pdf/docx,"brand,purchase_region,use_region,warranty_term,exclusions,service_path",极高,待收集,月更,不得口头扩展保修范围,synthetic_seed,pending,warranty_region_policy,zh-CN,tier1_official
CHK0129,保修地域,Smeg_US_保修政策,品牌保修政策,Brand+Region,,Smeg,台式烤箱/空气炸烤箱,US,品牌保修条款/法务确认/售后网点,售后+法务,pdf/docx,"brand,purchase_region,use_region,warranty_term,exclusions,service_path",极高,待收集,月更,不得口头扩展保修范围,synthetic_seed,pending,warranty_region_policy,zh-CN,tier1_official
CHK0130,保修地域,Breville_AU_保修政策,品牌保修政策,Brand+Region,,Breville,台式烤箱/空气炸烤箱,AU,品牌保修条款/法务确认/售后网点,售后+法务,pdf/docx,"brand,purchase_region,use_region,warranty_term,exclusions,service_path",极高,待收集,月更,不得口头扩展保修范围,synthetic_seed,pending,warranty_region_policy,zh-CN,tier1_official
CHK0131,保修地域,Breville_UK_保修政策,品牌保修政策,Brand+Region,,Breville,台式烤箱/空气炸烤箱,UK,品牌保修条款/法务确认/售后网点,售后+法务,pdf/docx,"brand,purchase_region,use_region,warranty_term,exclusions,service_path",极高,待收集,月更,不得口头扩展保修范围,synthetic_seed,pending,warranty_region_policy,zh-CN,tier1_official
CHK0132,保修地域,Breville_US_保修政策,品牌保修政策,Brand+Region,,Breville,台式烤箱/空气炸烤箱,US,品牌保修条款/法务确认/售后网点,售后+法务,pdf/docx,"brand,purchase_region,use_region,warranty_term,exclusions,service_path",极高,待收集,月更,不得口头扩展保修范围,synthetic_seed,pending,warranty_region_policy,zh-CN,tier1_official
CHK0133,保修地域,Bosch_EU_保修政策,品牌保修政策,Brand+Region,,Bosch,洗碗机,EU,品牌保修条款/法务确认/售后网点,售后+法务,pdf/docx,"brand,purchase_region,use_region,warranty_term,exclusions,service_path",极高,待收集,月更,不得口头扩展保修范围,synthetic_seed,pending,warranty_region_policy,zh-CN,tier1_official
CHK0134,保修地域,Bosch_UK_保修政策,品牌保修政策,Brand+Region,,Bosch,洗碗机,UK,品牌保修条款/法务确认/售后网点,售后+法务,pdf/docx,"brand,purchase_region,use_region,warranty_term,exclusions,service_path",极高,待收集,月更,不得口头扩展保修范围,synthetic_seed,pending,warranty_region_policy,zh-CN,tier1_official
CHK0135,保修地域,Bosch_US_保修政策,品牌保修政策,Brand+Region,,Bosch,洗碗机,US,品牌保修条款/法务确认/售后网点,售后+法务,pdf/docx,"brand,purchase_region,use_region,warranty_term,exclusions,service_path",极高,待收集,月更,不得口头扩展保修范围,synthetic_seed,pending,warranty_region_policy,zh-CN,tier1_official
CHK0136,保修地域,Miele_EU_保修政策,品牌保修政策,Brand+Region,,Miele,洗碗机,EU,品牌保修条款/法务确认/售后网点,售后+法务,pdf/docx,"brand,purchase_region,use_region,warranty_term,exclusions,service_path",极高,待收集,月更,不得口头扩展保修范围,synthetic_seed,pending,warranty_region_policy,zh-CN,tier1_official
CHK0137,保修地域,Miele_UK_保修政策,品牌保修政策,Brand+Region,,Miele,洗碗机,UK,品牌保修条款/法务确认/售后网点,售后+法务,pdf/docx,"brand,purchase_region,use_region,warranty_term,exclusions,service_path",极高,待收集,月更,不得口头扩展保修范围,synthetic_seed,pending,warranty_region_policy,zh-CN,tier1_official
CHK0138,保修地域,Miele_US_保修政策,品牌保修政策,Brand+Region,,Miele,洗碗机,US,品牌保修条款/法务确认/售后网点,售后+法务,pdf/docx,"brand,purchase_region,use_region,warranty_term,exclusions,service_path",极高,待收集,月更,不得口头扩展保修范围,synthetic_seed,pending,warranty_region_policy,zh-CN,tier1_official
CHK0139,保修地域,Liebherr_EU_保修政策,品牌保修政策,Brand+Region,,Liebherr,冰箱/酒柜,EU,品牌保修条款/法务确认/售后网点,售后+法务,pdf/docx,"brand,purchase_region,use_region,warranty_term,exclusions,service_path",极高,待收集,月更,不得口头扩展保修范围,synthetic_seed,pending,warranty_region_policy,zh-CN,tier1_official
CHK0140,保修地域,Liebherr_UK_保修政策,品牌保修政策,Brand+Region,,Liebherr,冰箱/酒柜,UK,品牌保修条款/法务确认/售后网点,售后+法务,pdf/docx,"brand,purchase_region,use_region,warranty_term,exclusions,service_path",极高,待收集,月更,不得口头扩展保修范围,synthetic_seed,pending,warranty_region_policy,zh-CN,tier1_official
CHK0141,保修地域,Fisher & Paykel_AU_保修政策,品牌保修政策,Brand+Region,,Fisher & Paykel,冰箱/酒柜,AU,品牌保修条款/法务确认/售后网点,售后+法务,pdf/docx,"brand,purchase_region,use_region,warranty_term,exclusions,service_path",极高,待收集,月更,不得口头扩展保修范围,synthetic_seed,pending,warranty_region_policy,zh-CN,tier1_official
CHK0142,保修地域,Fisher & Paykel_UK_保修政策,品牌保修政策,Brand+Region,,Fisher & Paykel,冰箱/酒柜,UK,品牌保修条款/法务确认/售后网点,售后+法务,pdf/docx,"brand,purchase_region,use_region,warranty_term,exclusions,service_path",极高,待收集,月更,不得口头扩展保修范围,synthetic_seed,pending,warranty_region_policy,zh-CN,tier1_official
CHK0143,保修地域,Fisher & Paykel_US_保修政策,品牌保修政策,Brand+Region,,Fisher & Paykel,冰箱/酒柜,US,品牌保修条款/法务确认/售后网点,售后+法务,pdf/docx,"brand,purchase_region,use_region,warranty_term,exclusions,service_path",极高,待收集,月更,不得口头扩展保修范围,synthetic_seed,pending,warranty_region_policy,zh-CN,tier1_official
CHK0144,保修地域,AEG_EU_保修政策,品牌保修政策,Brand+Region,,AEG,洗衣机/烘干机,EU,品牌保修条款/法务确认/售后网点,售后+法务,pdf/docx,"brand,purchase_region,use_region,warranty_term,exclusions,service_path",极高,待收集,月更,不得口头扩展保修范围,synthetic_seed,pending,warranty_region_policy,zh-CN,tier1_official
CHK0145,保修地域,AEG_UK_保修政策,品牌保修政策,Brand+Region,,AEG,洗衣机/烘干机,UK,品牌保修条款/法务确认/售后网点,售后+法务,pdf/docx,"brand,purchase_region,use_region,warranty_term,exclusions,service_path",极高,待收集,月更,不得口头扩展保修范围,synthetic_seed,pending,warranty_region_policy,zh-CN,tier1_official
CHK0146,保修地域,Electrolux_EU_保修政策,品牌保修政策,Brand+Region,,Electrolux,洗衣机/烘干机,EU,品牌保修条款/法务确认/售后网点,售后+法务,pdf/docx,"brand,purchase_region,use_region,warranty_term,exclusions,service_path",极高,待收集,月更,不得口头扩展保修范围,synthetic_seed,pending,warranty_region_policy,zh-CN,tier1_official
CHK0147,保修地域,Electrolux_UK_保修政策,品牌保修政策,Brand+Region,,Electrolux,洗衣机/烘干机,UK,品牌保修条款/法务确认/售后网点,售后+法务,pdf/docx,"brand,purchase_region,use_region,warranty_term,exclusions,service_path",极高,待收集,月更,不得口头扩展保修范围,synthetic_seed,pending,warranty_region_policy,zh-CN,tier1_official
CHK0148,保修地域,Electrolux_US_保修政策,品牌保修政策,Brand+Region,,Electrolux,洗衣机/烘干机,US,品牌保修条款/法务确认/售后网点,售后+法务,pdf/docx,"brand,purchase_region,use_region,warranty_term,exclusions,service_path",极高,待收集,月更,不得口头扩展保修范围,synthetic_seed,pending,warranty_region_policy,zh-CN,tier1_official
CHK0149,保修地域,Dyson_EU_保修政策,品牌保修政策,Brand+Region,,Dyson,地面清洁设备,EU,品牌保修条款/法务确认/售后网点,售后+法务,pdf/docx,"brand,purchase_region,use_region,warranty_term,exclusions,service_path",极高,待收集,月更,不得口头扩展保修范围,synthetic_seed,pending,warranty_region_policy,zh-CN,tier1_official
CHK0150,保修地域,Dyson_UK_保修政策,品牌保修政策,Brand+Region,,Dyson,地面清洁设备,UK,品牌保修条款/法务确认/售后网点,售后+法务,pdf/docx,"brand,purchase_region,use_region,warranty_term,exclusions,service_path",极高,待收集,月更,不得口头扩展保修范围,synthetic_seed,pending,warranty_region_policy,zh-CN,tier1_official
CHK0151,保修地域,Dyson_US_保修政策,品牌保修政策,Brand+Region,,Dyson,地面清洁设备,US,品牌保修条款/法务确认/售后网点,售后+法务,pdf/docx,"brand,purchase_region,use_region,warranty_term,exclusions,service_path",极高,待收集,月更,不得口头扩展保修范围,synthetic_seed,pending,warranty_region_policy,zh-CN,tier1_official
CHK0152,保修地域,iRobot_EU_保修政策,品牌保修政策,Brand+Region,,iRobot,地面清洁设备,EU,品牌保修条款/法务确认/售后网点,售后+法务,pdf/docx,"brand,purchase_region,use_region,warranty_term,exclusions,service_path",极高,待收集,月更,不得口头扩展保修范围,synthetic_seed,pending,warranty_region_policy,zh-CN,tier1_official
CHK0153,保修地域,iRobot_UK_保修政策,品牌保修政策,Brand+Region,,iRobot,地面清洁设备,UK,品牌保修条款/法务确认/售后网点,售后+法务,pdf/docx,"brand,purchase_region,use_region,warranty_term,exclusions,service_path",极高,待收集,月更,不得口头扩展保修范围,synthetic_seed,pending,warranty_region_policy,zh-CN,tier1_official
CHK0154,保修地域,iRobot_US_保修政策,品牌保修政策,Brand+Region,,iRobot,地面清洁设备,US,品牌保修条款/法务确认/售后网点,售后+法务,pdf/docx,"brand,purchase_region,use_region,warranty_term,exclusions,service_path",极高,待收集,月更,不得口头扩展保修范围,synthetic_seed,pending,warranty_region_policy,zh-CN,tier1_official
CHK0155,保修地域,Blueair_EU_保修政策,品牌保修政策,Brand+Region,,Blueair,空气净化器,EU,品牌保修条款/法务确认/售后网点,售后+法务,pdf/docx,"brand,purchase_region,use_region,warranty_term,exclusions,service_path",极高,待收集,月更,不得口头扩展保修范围,synthetic_seed,pending,warranty_region_policy,zh-CN,tier1_official
CHK0156,保修地域,Blueair_UK_保修政策,品牌保修政策,Brand+Region,,Blueair,空气净化器,UK,品牌保修条款/法务确认/售后网点,售后+法务,pdf/docx,"brand,purchase_region,use_region,warranty_term,exclusions,service_path",极高,待收集,月更,不得口头扩展保修范围,synthetic_seed,pending,warranty_region_policy,zh-CN,tier1_official
CHK0157,保修地域,Blueair_US_保修政策,品牌保修政策,Brand+Region,,Blueair,空气净化器,US,品牌保修条款/法务确认/售后网点,售后+法务,pdf/docx,"brand,purchase_region,use_region,warranty_term,exclusions,service_path",极高,待收集,月更,不得口头扩展保修范围,synthetic_seed,pending,warranty_region_policy,zh-CN,tier1_official
CHK0158,保修地域,Stadler Form_EU_保修政策,品牌保修政策,Brand+Region,,Stadler Form,空气净化器,EU,品牌保修条款/法务确认/售后网点,售后+法务,pdf/docx,"brand,purchase_region,use_region,warranty_term,exclusions,service_path",极高,待收集,月更,不得口头扩展保修范围,synthetic_seed,pending,warranty_region_policy,zh-CN,tier1_official
CHK0159,保修地域,Stadler Form_UK_保修政策,品牌保修政策,Brand+Region,,Stadler Form,空气净化器,UK,品牌保修条款/法务确认/售后网点,售后+法务,pdf/docx,"brand,purchase_region,use_region,warranty_term,exclusions,service_path",极高,待收集,月更,不得口头扩展保修范围,synthetic_seed,pending,warranty_region_policy,zh-CN,tier1_official
CHK0160,保修地域,Panasonic_EU_保修政策,品牌保修政策,Brand+Region,,Panasonic,微波炉/蒸烤一体机,EU,品牌保修条款/法务确认/售后网点,售后+法务,pdf/docx,"brand,purchase_region,use_region,warranty_term,exclusions,service_path",极高,待收集,月更,不得口头扩展保修范围,synthetic_seed,pending,warranty_region_policy,zh-CN,tier1_official
CHK0161,保修地域,Panasonic_JP_保修政策,品牌保修政策,Brand+Region,,Panasonic,微波炉/蒸烤一体机,JP,品牌保修条款/法务确认/售后网点,售后+法务,pdf/docx,"brand,purchase_region,use_region,warranty_term,exclusions,service_path",极高,待收集,月更,不得口头扩展保修范围,synthetic_seed,pending,warranty_region_policy,zh-CN,tier1_official
CHK0162,保修地域,Panasonic_US_保修政策,品牌保修政策,Brand+Region,,Panasonic,微波炉/蒸烤一体机,US,品牌保修条款/法务确认/售后网点,售后+法务,pdf/docx,"brand,purchase_region,use_region,warranty_term,exclusions,service_path",极高,待收集,月更,不得口头扩展保修范围,synthetic_seed,pending,warranty_region_policy,zh-CN,tier1_official
CHK0163,保修地域,Russell Hobbs_EU_保修政策,品牌保修政策,Brand+Region,,Russell Hobbs,微波炉/蒸烤一体机,EU,品牌保修条款/法务确认/售后网点,售后+法务,pdf/docx,"brand,purchase_region,use_region,warranty_term,exclusions,service_path",极高,待收集,月更,不得口头扩展保修范围,synthetic_seed,pending,warranty_region_policy,zh-CN,tier1_official
CHK0164,保修地域,Russell Hobbs_UK_保修政策,品牌保修政策,Brand+Region,,Russell Hobbs,微波炉/蒸烤一体机,UK,品牌保修条款/法务确认/售后网点,售后+法务,pdf/docx,"brand,purchase_region,use_region,warranty_term,exclusions,service_path",极高,待收集,月更,不得口头扩展保修范围,synthetic_seed,pending,warranty_region_policy,zh-CN,tier1_official
CHK0165,保修地域,Russell Hobbs_US_保修政策,品牌保修政策,Brand+Region,,Russell Hobbs,微波炉/蒸烤一体机,US,品牌保修条款/法务确认/售后网点,售后+法务,pdf/docx,"brand,purchase_region,use_region,warranty_term,exclusions,service_path",极高,待收集,月更,不得口头扩展保修范围,synthetic_seed,pending,warranty_region_policy,zh-CN,tier1_official
CHK0166,保修地域,Elica_EU_保修政策,品牌保修政策,Brand+Region,,Elica,烟机/电磁灶,EU,品牌保修条款/法务确认/售后网点,售后+法务,pdf/docx,"brand,purchase_region,use_region,warranty_term,exclusions,service_path",极高,待收集,月更,不得口头扩展保修范围,synthetic_seed,pending,warranty_region_policy,zh-CN,tier1_official
CHK0167,保修地域,Elica_UK_保修政策,品牌保修政策,Brand+Region,,Elica,烟机/电磁灶,UK,品牌保修条款/法务确认/售后网点,售后+法务,pdf/docx,"brand,purchase_region,use_region,warranty_term,exclusions,service_path",极高,待收集,月更,不得口头扩展保修范围,synthetic_seed,pending,warranty_region_policy,zh-CN,tier1_official
CHK0168,保修地域,Elica_US_保修政策,品牌保修政策,Brand+Region,,Elica,烟机/电磁灶,US,品牌保修条款/法务确认/售后网点,售后+法务,pdf/docx,"brand,purchase_region,use_region,warranty_term,exclusions,service_path",极高,待收集,月更,不得口头扩展保修范围,synthetic_seed,pending,warranty_region_policy,zh-CN,tier1_official
CHK0169,保修地域,Bertazzoni_EU_保修政策,品牌保修政策,Brand+Region,,Bertazzoni,烟机/电磁灶,EU,品牌保修条款/法务确认/售后网点,售后+法务,pdf/docx,"brand,purchase_region,use_region,warranty_term,exclusions,service_path",极高,待收集,月更,不得口头扩展保修范围,synthetic_seed,pending,warranty_region_policy,zh-CN,tier1_official
CHK0170,保修地域,Bertazzoni_UK_保修政策,品牌保修政策,Brand+Region,,Bertazzoni,烟机/电磁灶,UK,品牌保修条款/法务确认/售后网点,售后+法务,pdf/docx,"brand,purchase_region,use_region,warranty_term,exclusions,service_path",极高,待收集,月更,不得口头扩展保修范围,synthetic_seed,pending,warranty_region_policy,zh-CN,tier1_official
CHK0171,保修地域,Bertazzoni_US_保修政策,品牌保修政策,Brand+Region,,Bertazzoni,烟机/电磁灶,US,品牌保修条款/法务确认/售后网点,售后+法务,pdf/docx,"brand,purchase_region,use_region,warranty_term,exclusions,service_path",极高,待收集,月更,不得口头扩展保修范围,synthetic_seed,pending,warranty_region_policy,zh-CN,tier1_official
CHK0172,保修地域,Dualit_EU_保修政策,品牌保修政策,Brand+Region,,Dualit,电热水壶/厨师机/食物处理,EU,品牌保修条款/法务确认/售后网点,售后+法务,pdf/docx,"brand,purchase_region,use_region,warranty_term,exclusions,service_path",极高,待收集,月更,不得口头扩展保修范围,synthetic_seed,pending,warranty_region_policy,zh-CN,tier1_official
CHK0173,保修地域,Dualit_UK_保修政策,品牌保修政策,Brand+Region,,Dualit,电热水壶/厨师机/食物处理,UK,品牌保修条款/法务确认/售后网点,售后+法务,pdf/docx,"brand,purchase_region,use_region,warranty_term,exclusions,service_path",极高,待收集,月更,不得口头扩展保修范围,synthetic_seed,pending,warranty_region_policy,zh-CN,tier1_official
CHK0174,保修地域,Dualit_US_保修政策,品牌保修政策,Brand+Region,,Dualit,电热水壶/厨师机/食物处理,US,品牌保修条款/法务确认/售后网点,售后+法务,pdf/docx,"brand,purchase_region,use_region,warranty_term,exclusions,service_path",极高,待收集,月更,不得口头扩展保修范围,synthetic_seed,pending,warranty_region_policy,zh-CN,tier1_official
CHK0175,保修地域,Kenwood_AE_保修政策,品牌保修政策,Brand+Region,,Kenwood,电热水壶/厨师机/食物处理,AE,品牌保修条款/法务确认/售后网点,售后+法务,pdf/docx,"brand,purchase_region,use_region,warranty_term,exclusions,service_path",极高,待收集,月更,不得口头扩展保修范围,synthetic_seed,pending,warranty_region_policy,zh-CN,tier1_official
CHK0176,保修地域,Kenwood_EU_保修政策,品牌保修政策,Brand+Region,,Kenwood,电热水壶/厨师机/食物处理,EU,品牌保修条款/法务确认/售后网点,售后+法务,pdf/docx,"brand,purchase_region,use_region,warranty_term,exclusions,service_path",极高,待收集,月更,不得口头扩展保修范围,synthetic_seed,pending,warranty_region_policy,zh-CN,tier1_official
CHK0177,保修地域,Kenwood_UK_保修政策,品牌保修政策,Brand+Region,,Kenwood,电热水壶/厨师机/食物处理,UK,品牌保修条款/法务确认/售后网点,售后+法务,pdf/docx,"brand,purchase_region,use_region,warranty_term,exclusions,service_path",极高,待收集,月更,不得口头扩展保修范围,synthetic_seed,pending,warranty_region_policy,zh-CN,tier1_official
CHK0178,签收破损,全自动/半自动咖啡机_签收破损SOP,类目签收破损SOP,Category,,,全自动/半自动咖啡机,ALL,履约SOP/物流理赔规则,履约运营+客服质检,docx/xlsx,"category,visible_damage,concealed_damage,evidence,time_limit",极高,待收集,月更,需与承运商规则同步,synthetic_seed,pending,damage_signoff_sop,zh-CN,tier1_official
CHK0179,降价争议,全自动/半自动咖啡机_降价争议政策,类目价格争议政策,Category,,,全自动/半自动咖啡机,ALL,营销规则/客服例外政策,营销+客服运营,docx/xlsx,"category,window_days,price_gap_threshold,approval_rule",高,待收集,周更,需绑定审批流程和资损上限,synthetic_seed,pending,price_dispute_policy,zh-CN,tier1_official
CHK0180,签收破损,台式烤箱/空气炸烤箱_签收破损SOP,类目签收破损SOP,Category,,,台式烤箱/空气炸烤箱,ALL,履约SOP/物流理赔规则,履约运营+客服质检,docx/xlsx,"category,visible_damage,concealed_damage,evidence,time_limit",极高,待收集,月更,需与承运商规则同步,synthetic_seed,pending,damage_signoff_sop,zh-CN,tier1_official
CHK0181,降价争议,台式烤箱/空气炸烤箱_降价争议政策,类目价格争议政策,Category,,,台式烤箱/空气炸烤箱,ALL,营销规则/客服例外政策,营销+客服运营,docx/xlsx,"category,window_days,price_gap_threshold,approval_rule",高,待收集,周更,需绑定审批流程和资损上限,synthetic_seed,pending,price_dispute_policy,zh-CN,tier1_official
CHK0182,签收破损,洗碗机_签收破损SOP,类目签收破损SOP,Category,,,洗碗机,ALL,履约SOP/物流理赔规则,履约运营+客服质检,docx/xlsx,"category,visible_damage,concealed_damage,evidence,time_limit",极高,待收集,月更,需与承运商规则同步,synthetic_seed,pending,damage_signoff_sop,zh-CN,tier1_official
CHK0183,降价争议,洗碗机_降价争议政策,类目价格争议政策,Category,,,洗碗机,ALL,营销规则/客服例外政策,营销+客服运营,docx/xlsx,"category,window_days,price_gap_threshold,approval_rule",高,待收集,周更,需绑定审批流程和资损上限,synthetic_seed,pending,price_dispute_policy,zh-CN,tier1_official
CHK0184,签收破损,冰箱/酒柜_签收破损SOP,类目签收破损SOP,Category,,,冰箱/酒柜,ALL,履约SOP/物流理赔规则,履约运营+客服质检,docx/xlsx,"category,visible_damage,concealed_damage,evidence,time_limit",极高,待收集,月更,需与承运商规则同步,synthetic_seed,pending,damage_signoff_sop,zh-CN,tier1_official
CHK0185,降价争议,冰箱/酒柜_降价争议政策,类目价格争议政策,Category,,,冰箱/酒柜,ALL,营销规则/客服例外政策,营销+客服运营,docx/xlsx,"category,window_days,price_gap_threshold,approval_rule",高,待收集,周更,需绑定审批流程和资损上限,synthetic_seed,pending,price_dispute_policy,zh-CN,tier1_official
CHK0186,签收破损,洗衣机/烘干机_签收破损SOP,类目签收破损SOP,Category,,,洗衣机/烘干机,ALL,履约SOP/物流理赔规则,履约运营+客服质检,docx/xlsx,"category,visible_damage,concealed_damage,evidence,time_limit",极高,待收集,月更,需与承运商规则同步,synthetic_seed,pending,damage_signoff_sop,zh-CN,tier1_official
CHK0187,降价争议,洗衣机/烘干机_降价争议政策,类目价格争议政策,Category,,,洗衣机/烘干机,ALL,营销规则/客服例外政策,营销+客服运营,docx/xlsx,"category,window_days,price_gap_threshold,approval_rule",高,待收集,周更,需绑定审批流程和资损上限,synthetic_seed,pending,price_dispute_policy,zh-CN,tier1_official
CHK0188,签收破损,地面清洁设备_签收破损SOP,类目签收破损SOP,Category,,,地面清洁设备,ALL,履约SOP/物流理赔规则,履约运营+客服质检,docx/xlsx,"category,visible_damage,concealed_damage,evidence,time_limit",极高,待收集,月更,需与承运商规则同步,synthetic_seed,pending,damage_signoff_sop,zh-CN,tier1_official
CHK0189,降价争议,地面清洁设备_降价争议政策,类目价格争议政策,Category,,,地面清洁设备,ALL,营销规则/客服例外政策,营销+客服运营,docx/xlsx,"category,window_days,price_gap_threshold,approval_rule",高,待收集,周更,需绑定审批流程和资损上限,synthetic_seed,pending,price_dispute_policy,zh-CN,tier1_official
CHK0190,签收破损,空气净化器_签收破损SOP,类目签收破损SOP,Category,,,空气净化器,ALL,履约SOP/物流理赔规则,履约运营+客服质检,docx/xlsx,"category,visible_damage,concealed_damage,evidence,time_limit",极高,待收集,月更,需与承运商规则同步,synthetic_seed,pending,damage_signoff_sop,zh-CN,tier1_official
CHK0191,降价争议,空气净化器_降价争议政策,类目价格争议政策,Category,,,空气净化器,ALL,营销规则/客服例外政策,营销+客服运营,docx/xlsx,"category,window_days,price_gap_threshold,approval_rule",高,待收集,周更,需绑定审批流程和资损上限,synthetic_seed,pending,price_dispute_policy,zh-CN,tier1_official
CHK0192,签收破损,微波炉/蒸烤一体机_签收破损SOP,类目签收破损SOP,Category,,,微波炉/蒸烤一体机,ALL,履约SOP/物流理赔规则,履约运营+客服质检,docx/xlsx,"category,visible_damage,concealed_damage,evidence,time_limit",极高,待收集,月更,需与承运商规则同步,synthetic_seed,pending,damage_signoff_sop,zh-CN,tier1_official
CHK0193,降价争议,微波炉/蒸烤一体机_降价争议政策,类目价格争议政策,Category,,,微波炉/蒸烤一体机,ALL,营销规则/客服例外政策,营销+客服运营,docx/xlsx,"category,window_days,price_gap_threshold,approval_rule",高,待收集,周更,需绑定审批流程和资损上限,synthetic_seed,pending,price_dispute_policy,zh-CN,tier1_official
CHK0194,签收破损,烟机/电磁灶_签收破损SOP,类目签收破损SOP,Category,,,烟机/电磁灶,ALL,履约SOP/物流理赔规则,履约运营+客服质检,docx/xlsx,"category,visible_damage,concealed_damage,evidence,time_limit",极高,待收集,月更,需与承运商规则同步,synthetic_seed,pending,damage_signoff_sop,zh-CN,tier1_official
CHK0195,降价争议,烟机/电磁灶_降价争议政策,类目价格争议政策,Category,,,烟机/电磁灶,ALL,营销规则/客服例外政策,营销+客服运营,docx/xlsx,"category,window_days,price_gap_threshold,approval_rule",高,待收集,周更,需绑定审批流程和资损上限,synthetic_seed,pending,price_dispute_policy,zh-CN,tier1_official
CHK0196,签收破损,电热水壶/厨师机/食物处理_签收破损SOP,类目签收破损SOP,Category,,,电热水壶/厨师机/食物处理,ALL,履约SOP/物流理赔规则,履约运营+客服质检,docx/xlsx,"category,visible_damage,concealed_damage,evidence,time_limit",极高,待收集,月更,需与承运商规则同步,synthetic_seed,pending,damage_signoff_sop,zh-CN,tier1_official
CHK0197,降价争议,电热水壶/厨师机/食物处理_降价争议政策,类目价格争议政策,Category,,,电热水壶/厨师机/食物处理,ALL,营销规则/客服例外政策,营销+客服运营,docx/xlsx,"category,window_days,price_gap_threshold,approval_rule",高,待收集,周更,需绑定审批流程和资损上限,synthetic_seed,pending,price_dispute_policy,zh-CN,tier1_official
CHK0198,进口保修,De'Longhi_DELO-Bean-US-2027_进口保修卡,进口保修卡,SKU,SKU-DELO-Bean-US,De'Longhi,全自动/半自动咖啡机,US,进口商保修协议 + 品牌官方保修条款,采购+法务,xlsx/json,"sku_id,warranty_scope_type,warranty_duration_days,service_network,excluded_failures",极高,待收集,月更,上线前必须替换为真实进口商文档,synthetic_seed,pending,import_warranty_card,zh-CN,tier1_official
CHK0199,进口保修,De'Longhi_DELO-Steam-EU-2028_进口保修卡,进口保修卡,SKU,SKU-DELO-Steam-EU,De'Longhi,全自动/半自动咖啡机,EU,进口商保修协议 + 品牌官方保修条款,采购+法务,xlsx/json,"sku_id,warranty_scope_type,warranty_duration_days,service_network,excluded_failures",极高,待收集,月更,上线前必须替换为真实进口商文档,synthetic_seed,pending,import_warranty_card,zh-CN,tier1_official
CHK0200,进口保修,De'Longhi_DELO-Caps-UK-2029_进口保修卡,进口保修卡,SKU,SKU-DELO-Caps-UK,De'Longhi,全自动/半自动咖啡机,UK,进口商保修协议 + 品牌官方保修条款,采购+法务,xlsx/json,"sku_id,warranty_scope_type,warranty_duration_days,service_network,excluded_failures",极高,待收集,月更,上线前必须替换为真实进口商文档,synthetic_seed,pending,import_warranty_card,zh-CN,tier1_official
CHK0201,进口保修,Jura_JURA-Bean-US-2027_进口保修卡,进口保修卡,SKU,SKU-JURA-Bean-US,Jura,全自动/半自动咖啡机,US,进口商保修协议 + 品牌官方保修条款,采购+法务,xlsx/json,"sku_id,warranty_scope_type,warranty_duration_days,service_network,excluded_failures",极高,待收集,月更,上线前必须替换为真实进口商文档,synthetic_seed,pending,import_warranty_card,zh-CN,tier1_official
CHK0202,进口保修,Jura_JURA-Steam-EU-2028_进口保修卡,进口保修卡,SKU,SKU-JURA-Steam-EU,Jura,全自动/半自动咖啡机,EU,进口商保修协议 + 品牌官方保修条款,采购+法务,xlsx/json,"sku_id,warranty_scope_type,warranty_duration_days,service_network,excluded_failures",极高,待收集,月更,上线前必须替换为真实进口商文档,synthetic_seed,pending,import_warranty_card,zh-CN,tier1_official
CHK0203,进口保修,Jura_JURA-Caps-UK-2029_进口保修卡,进口保修卡,SKU,SKU-JURA-Caps-UK,Jura,全自动/半自动咖啡机,UK,进口商保修协议 + 品牌官方保修条款,采购+法务,xlsx/json,"sku_id,warranty_scope_type,warranty_duration_days,service_network,excluded_failures",极高,待收集,月更,上线前必须替换为真实进口商文档,synthetic_seed,pending,import_warranty_card,zh-CN,tier1_official
CHK0204,进口保修,Smeg_SMEG-Air-US-2027_进口保修卡,进口保修卡,SKU,SKU-SMEG-Air-US,Smeg,台式烤箱/空气炸烤箱,US,进口商保修协议 + 品牌官方保修条款,采购+法务,xlsx/json,"sku_id,warranty_scope_type,warranty_duration_days,service_network,excluded_failures",极高,待收集,月更,上线前必须替换为真实进口商文档,synthetic_seed,pending,import_warranty_card,zh-CN,tier1_official
CHK0205,进口保修,Smeg_SMEG-Steam-EU-2028_进口保修卡,进口保修卡,SKU,SKU-SMEG-Steam-EU,Smeg,台式烤箱/空气炸烤箱,EU,进口商保修协议 + 品牌官方保修条款,采购+法务,xlsx/json,"sku_id,warranty_scope_type,warranty_duration_days,service_network,excluded_failures",极高,待收集,月更,上线前必须替换为真实进口商文档,synthetic_seed,pending,import_warranty_card,zh-CN,tier1_official
CHK0206,进口保修,Smeg_SMEG-Toast-UK-2029_进口保修卡,进口保修卡,SKU,SKU-SMEG-Toast-UK,Smeg,台式烤箱/空气炸烤箱,UK,进口商保修协议 + 品牌官方保修条款,采购+法务,xlsx/json,"sku_id,warranty_scope_type,warranty_duration_days,service_network,excluded_failures",极高,待收集,月更,上线前必须替换为真实进口商文档,synthetic_seed,pending,import_warranty_card,zh-CN,tier1_official
CHK0207,进口保修,Breville_BREV-Air-US-2027_进口保修卡,进口保修卡,SKU,SKU-BREV-Air-US,Breville,台式烤箱/空气炸烤箱,US,进口商保修协议 + 品牌官方保修条款,采购+法务,xlsx/json,"sku_id,warranty_scope_type,warranty_duration_days,service_network,excluded_failures",极高,待收集,月更,上线前必须替换为真实进口商文档,synthetic_seed,pending,import_warranty_card,zh-CN,tier1_official
CHK0208,进口保修,Breville_BREV-Steam-UK-2028_进口保修卡,进口保修卡,SKU,SKU-BREV-Steam-UK,Breville,台式烤箱/空气炸烤箱,UK,进口商保修协议 + 品牌官方保修条款,采购+法务,xlsx/json,"sku_id,warranty_scope_type,warranty_duration_days,service_network,excluded_failures",极高,待收集,月更,上线前必须替换为真实进口商文档,synthetic_seed,pending,import_warranty_card,zh-CN,tier1_official
CHK0209,进口保修,Breville_BREV-Toast-AU-2029_进口保修卡,进口保修卡,SKU,SKU-BREV-Toast-AU,Breville,台式烤箱/空气炸烤箱,AU,进口商保修协议 + 品牌官方保修条款,采购+法务,xlsx/json,"sku_id,warranty_scope_type,warranty_duration_days,service_network,excluded_failures",极高,待收集,月更,上线前必须替换为真实进口商文档,synthetic_seed,pending,import_warranty_card,zh-CN,tier1_official
CHK0210,进口保修,Bosch_BOSC-DW60-US-2027_进口保修卡,进口保修卡,SKU,SKU-BOSC-DW60-US,Bosch,洗碗机,US,进口商保修协议 + 品牌官方保修条款,采购+法务,xlsx/json,"sku_id,warranty_scope_type,warranty_duration_days,service_network,excluded_failures",极高,待收集,月更,上线前必须替换为真实进口商文档,synthetic_seed,pending,import_warranty_card,zh-CN,tier1_official
CHK0211,进口保修,Bosch_BOSC-DW45-EU-2028_进口保修卡,进口保修卡,SKU,SKU-BOSC-DW45-EU,Bosch,洗碗机,EU,进口商保修协议 + 品牌官方保修条款,采购+法务,xlsx/json,"sku_id,warranty_scope_type,warranty_duration_days,service_network,excluded_failures",极高,待收集,月更,上线前必须替换为真实进口商文档,synthetic_seed,pending,import_warranty_card,zh-CN,tier1_official
CHK0212,进口保修,Bosch_BOSC-DFS-UK-2029_进口保修卡,进口保修卡,SKU,SKU-BOSC-DFS-UK,Bosch,洗碗机,UK,进口商保修协议 + 品牌官方保修条款,采购+法务,xlsx/json,"sku_id,warranty_scope_type,warranty_duration_days,service_network,excluded_failures",极高,待收集,月更,上线前必须替换为真实进口商文档,synthetic_seed,pending,import_warranty_card,zh-CN,tier1_official
CHK0213,进口保修,Miele_MIEL-DW60-US-2027_进口保修卡,进口保修卡,SKU,SKU-MIEL-DW60-US,Miele,洗碗机,US,进口商保修协议 + 品牌官方保修条款,采购+法务,xlsx/json,"sku_id,warranty_scope_type,warranty_duration_days,service_network,excluded_failures",极高,待收集,月更,上线前必须替换为真实进口商文档,synthetic_seed,pending,import_warranty_card,zh-CN,tier1_official
CHK0214,进口保修,Miele_MIEL-DW45-EU-2028_进口保修卡,进口保修卡,SKU,SKU-MIEL-DW45-EU,Miele,洗碗机,EU,进口商保修协议 + 品牌官方保修条款,采购+法务,xlsx/json,"sku_id,warranty_scope_type,warranty_duration_days,service_network,excluded_failures",极高,待收集,月更,上线前必须替换为真实进口商文档,synthetic_seed,pending,import_warranty_card,zh-CN,tier1_official
CHK0215,进口保修,Miele_MIEL-DFS-UK-2029_进口保修卡,进口保修卡,SKU,SKU-MIEL-DFS-UK,Miele,洗碗机,UK,进口商保修协议 + 品牌官方保修条款,采购+法务,xlsx/json,"sku_id,warranty_scope_type,warranty_duration_days,service_network,excluded_failures",极高,待收集,月更,上线前必须替换为真实进口商文档,synthetic_seed,pending,import_warranty_card,zh-CN,tier1_official
CHK0216,进口保修,Liebherr_LIEB-BFR-EU-2027_进口保修卡,进口保修卡,SKU,SKU-LIEB-BFR-EU,Liebherr,冰箱/酒柜,EU,进口商保修协议 + 品牌官方保修条款,采购+法务,xlsx/json,"sku_id,warranty_scope_type,warranty_duration_days,service_network,excluded_failures",极高,待收集,月更,上线前必须替换为真实进口商文档,synthetic_seed,pending,import_warranty_card,zh-CN,tier1_official
CHK0217,进口保修,Liebherr_LIEB-FDR-UK-2028_进口保修卡,进口保修卡,SKU,SKU-LIEB-FDR-UK,Liebherr,冰箱/酒柜,UK,进口商保修协议 + 品牌官方保修条款,采购+法务,xlsx/json,"sku_id,warranty_scope_type,warranty_duration_days,service_network,excluded_failures",极高,待收集,月更,上线前必须替换为真实进口商文档,synthetic_seed,pending,import_warranty_card,zh-CN,tier1_official
CHK0218,进口保修,Liebherr_LIEB-WCN-EU-2029_进口保修卡,进口保修卡,SKU,SKU-LIEB-WCN-EU,Liebherr,冰箱/酒柜,EU,进口商保修协议 + 品牌官方保修条款,采购+法务,xlsx/json,"sku_id,warranty_scope_type,warranty_duration_days,service_network,excluded_failures",极高,待收集,月更,上线前必须替换为真实进口商文档,synthetic_seed,pending,import_warranty_card,zh-CN,tier1_official
CHK0219,进口保修,Fisher & Paykel_FISH-BFR-US-2027_进口保修卡,进口保修卡,SKU,SKU-FISH-BFR-US,Fisher & Paykel,冰箱/酒柜,US,进口商保修协议 + 品牌官方保修条款,采购+法务,xlsx/json,"sku_id,warranty_scope_type,warranty_duration_days,service_network,excluded_failures",极高,待收集,月更,上线前必须替换为真实进口商文档,synthetic_seed,pending,import_warranty_card,zh-CN,tier1_official
CHK0220,进口保修,Fisher & Paykel_FISH-FDR-UK-2028_进口保修卡,进口保修卡,SKU,SKU-FISH-FDR-UK,Fisher & Paykel,冰箱/酒柜,UK,进口商保修协议 + 品牌官方保修条款,采购+法务,xlsx/json,"sku_id,warranty_scope_type,warranty_duration_days,service_network,excluded_failures",极高,待收集,月更,上线前必须替换为真实进口商文档,synthetic_seed,pending,import_warranty_card,zh-CN,tier1_official
CHK0221,进口保修,Fisher & Paykel_FISH-WCN-AU-2029_进口保修卡,进口保修卡,SKU,SKU-FISH-WCN-AU,Fisher & Paykel,冰箱/酒柜,AU,进口商保修协议 + 品牌官方保修条款,采购+法务,xlsx/json,"sku_id,warranty_scope_type,warranty_duration_days,service_network,excluded_failures",极高,待收集,月更,上线前必须替换为真实进口商文档,synthetic_seed,pending,import_warranty_card,zh-CN,tier1_official
CHK0222,进口保修,AEG_AEG-WFL-EU-2027_进口保修卡,进口保修卡,SKU,SKU-AEG-WFL-EU,AEG,洗衣机/烘干机,EU,进口商保修协议 + 品牌官方保修条款,采购+法务,xlsx/json,"sku_id,warranty_scope_type,warranty_duration_days,service_network,excluded_failures",极高,待收集,月更,上线前必须替换为真实进口商文档,synthetic_seed,pending,import_warranty_card,zh-CN,tier1_official
CHK0223,进口保修,AEG_AEG-HPD-UK-2028_进口保修卡,进口保修卡,SKU,SKU-AEG-HPD-UK,AEG,洗衣机/烘干机,UK,进口商保修协议 + 品牌官方保修条款,采购+法务,xlsx/json,"sku_id,warranty_scope_type,warranty_duration_days,service_network,excluded_failures",极高,待收集,月更,上线前必须替换为真实进口商文档,synthetic_seed,pending,import_warranty_card,zh-CN,tier1_official
CHK0224,进口保修,AEG_AEG-WDC-EU-2029_进口保修卡,进口保修卡,SKU,SKU-AEG-WDC-EU,AEG,洗衣机/烘干机,EU,进口商保修协议 + 品牌官方保修条款,采购+法务,xlsx/json,"sku_id,warranty_scope_type,warranty_duration_days,service_network,excluded_failures",极高,待收集,月更,上线前必须替换为真实进口商文档,synthetic_seed,pending,import_warranty_card,zh-CN,tier1_official
CHK0225,进口保修,Electrolux_ELEC-WFL-US-2027_进口保修卡,进口保修卡,SKU,SKU-ELEC-WFL-US,Electrolux,洗衣机/烘干机,US,进口商保修协议 + 品牌官方保修条款,采购+法务,xlsx/json,"sku_id,warranty_scope_type,warranty_duration_days,service_network,excluded_failures",极高,待收集,月更,上线前必须替换为真实进口商文档,synthetic_seed,pending,import_warranty_card,zh-CN,tier1_official
CHK0226,进口保修,Electrolux_ELEC-HPD-EU-2028_进口保修卡,进口保修卡,SKU,SKU-ELEC-HPD-EU,Electrolux,洗衣机/烘干机,EU,进口商保修协议 + 品牌官方保修条款,采购+法务,xlsx/json,"sku_id,warranty_scope_type,warranty_duration_days,service_network,excluded_failures",极高,待收集,月更,上线前必须替换为真实进口商文档,synthetic_seed,pending,import_warranty_card,zh-CN,tier1_official
CHK0227,进口保修,Electrolux_ELEC-WDC-UK-2029_进口保修卡,进口保修卡,SKU,SKU-ELEC-WDC-UK,Electrolux,洗衣机/烘干机,UK,进口商保修协议 + 品牌官方保修条款,采购+法务,xlsx/json,"sku_id,warranty_scope_type,warranty_duration_days,service_network,excluded_failures",极高,待收集,月更,上线前必须替换为真实进口商文档,synthetic_seed,pending,import_warranty_card,zh-CN,tier1_official
CHK0228,进口保修,Dyson_DYSO-RVC-US-2027_进口保修卡,进口保修卡,SKU,SKU-DYSO-RVC-US,Dyson,地面清洁设备,US,进口商保修协议 + 品牌官方保修条款,采购+法务,xlsx/json,"sku_id,warranty_scope_type,warranty_duration_days,service_network,excluded_failures",极高,待收集,月更,上线前必须替换为真实进口商文档,synthetic_seed,pending,import_warranty_card,zh-CN,tier1_official
CHK0229,进口保修,Dyson_DYSO-CDV-EU-2028_进口保修卡,进口保修卡,SKU,SKU-DYSO-CDV-EU,Dyson,地面清洁设备,EU,进口商保修协议 + 品牌官方保修条款,采购+法务,xlsx/json,"sku_id,warranty_scope_type,warranty_duration_days,service_network,excluded_failures",极高,待收集,月更,上线前必须替换为真实进口商文档,synthetic_seed,pending,import_warranty_card,zh-CN,tier1_official
CHK0230,进口保修,Dyson_DYSO-WFW-UK-2029_进口保修卡,进口保修卡,SKU,SKU-DYSO-WFW-UK,Dyson,地面清洁设备,UK,进口商保修协议 + 品牌官方保修条款,采购+法务,xlsx/json,"sku_id,warranty_scope_type,warranty_duration_days,service_network,excluded_failures",极高,待收集,月更,上线前必须替换为真实进口商文档,synthetic_seed,pending,import_warranty_card,zh-CN,tier1_official
CHK0231,进口保修,iRobot_IROB-RVC-US-2027_进口保修卡,进口保修卡,SKU,SKU-IROB-RVC-US,iRobot,地面清洁设备,US,进口商保修协议 + 品牌官方保修条款,采购+法务,xlsx/json,"sku_id,warranty_scope_type,warranty_duration_days,service_network,excluded_failures",极高,待收集,月更,上线前必须替换为真实进口商文档,synthetic_seed,pending,import_warranty_card,zh-CN,tier1_official
CHK0232,进口保修,iRobot_IROB-CDV-EU-2028_进口保修卡,进口保修卡,SKU,SKU-IROB-CDV-EU,iRobot,地面清洁设备,EU,进口商保修协议 + 品牌官方保修条款,采购+法务,xlsx/json,"sku_id,warranty_scope_type,warranty_duration_days,service_network,excluded_failures",极高,待收集,月更,上线前必须替换为真实进口商文档,synthetic_seed,pending,import_warranty_card,zh-CN,tier1_official
CHK0233,进口保修,iRobot_IROB-WFW-UK-2029_进口保修卡,进口保修卡,SKU,SKU-IROB-WFW-UK,iRobot,地面清洁设备,UK,进口商保修协议 + 品牌官方保修条款,采购+法务,xlsx/json,"sku_id,warranty_scope_type,warranty_duration_days,service_network,excluded_failures",极高,待收集,月更,上线前必须替换为真实进口商文档,synthetic_seed,pending,import_warranty_card,zh-CN,tier1_official
CHK0234,进口保修,Blueair_BLUE-TAP-US-2027_进口保修卡,进口保修卡,SKU,SKU-BLUE-TAP-US,Blueair,空气净化器,US,进口商保修协议 + 品牌官方保修条款,采购+法务,xlsx/json,"sku_id,warranty_scope_type,warranty_duration_days,service_network,excluded_failures",极高,待收集,月更,上线前必须替换为真实进口商文档,synthetic_seed,pending,import_warranty_card,zh-CN,tier1_official
CHK0235,进口保修,Blueair_BLUE-HEP-EU-2028_进口保修卡,进口保修卡,SKU,SKU-BLUE-HEP-EU,Blueair,空气净化器,EU,进口商保修协议 + 品牌官方保修条款,采购+法务,xlsx/json,"sku_id,warranty_scope_type,warranty_duration_days,service_network,excluded_failures",极高,待收集,月更,上线前必须替换为真实进口商文档,synthetic_seed,pending,import_warranty_card,zh-CN,tier1_official
CHK0236,进口保修,Blueair_BLUE-HMP-UK-2029_进口保修卡,进口保修卡,SKU,SKU-BLUE-HMP-UK,Blueair,空气净化器,UK,进口商保修协议 + 品牌官方保修条款,采购+法务,xlsx/json,"sku_id,warranty_scope_type,warranty_duration_days,service_network,excluded_failures",极高,待收集,月更,上线前必须替换为真实进口商文档,synthetic_seed,pending,import_warranty_card,zh-CN,tier1_official
CHK0237,进口保修,Stadler Form_STAD-TAP-EU-2027_进口保修卡,进口保修卡,SKU,SKU-STAD-TAP-EU,Stadler Form,空气净化器,EU,进口商保修协议 + 品牌官方保修条款,采购+法务,xlsx/json,"sku_id,warranty_scope_type,warranty_duration_days,service_network,excluded_failures",极高,待收集,月更,上线前必须替换为真实进口商文档,synthetic_seed,pending,import_warranty_card,zh-CN,tier1_official
CHK0238,进口保修,Stadler Form_STAD-HEP-UK-2028_进口保修卡,进口保修卡,SKU,SKU-STAD-HEP-UK,Stadler Form,空气净化器,UK,进口商保修协议 + 品牌官方保修条款,采购+法务,xlsx/json,"sku_id,warranty_scope_type,warranty_duration_days,service_network,excluded_failures",极高,待收集,月更,上线前必须替换为真实进口商文档,synthetic_seed,pending,import_warranty_card,zh-CN,tier1_official
CHK0239,进口保修,Stadler Form_STAD-HMP-EU-2029_进口保修卡,进口保修卡,SKU,SKU-STAD-HMP-EU,Stadler Form,空气净化器,EU,进口商保修协议 + 品牌官方保修条款,采购+法务,xlsx/json,"sku_id,warranty_scope_type,warranty_duration_days,service_network,excluded_failures",极高,待收集,月更,上线前必须替换为真实进口商文档,synthetic_seed,pending,import_warranty_card,zh-CN,tier1_official
CHK0240,进口保修,Panasonic_PANA-INV-JP-2027_进口保修卡,进口保修卡,SKU,SKU-PANA-INV-JP,Panasonic,微波炉/蒸烤一体机,JP,进口商保修协议 + 品牌官方保修条款,采购+法务,xlsx/json,"sku_id,warranty_scope_type,warranty_duration_days,service_network,excluded_failures",极高,待收集,月更,上线前必须替换为真实进口商文档,synthetic_seed,pending,import_warranty_card,zh-CN,tier1_official
CHK0241,进口保修,Panasonic_PANA-COM-US-2028_进口保修卡,进口保修卡,SKU,SKU-PANA-COM-US,Panasonic,微波炉/蒸烤一体机,US,进口商保修协议 + 品牌官方保修条款,采购+法务,xlsx/json,"sku_id,warranty_scope_type,warranty_duration_days,service_network,excluded_failures",极高,待收集,月更,上线前必须替换为真实进口商文档,synthetic_seed,pending,import_warranty_card,zh-CN,tier1_official
CHK0242,进口保修,Panasonic_PANA-GRL-EU-2029_进口保修卡,进口保修卡,SKU,SKU-PANA-GRL-EU,Panasonic,微波炉/蒸烤一体机,EU,进口商保修协议 + 品牌官方保修条款,采购+法务,xlsx/json,"sku_id,warranty_scope_type,warranty_duration_days,service_network,excluded_failures",极高,待收集,月更,上线前必须替换为真实进口商文档,synthetic_seed,pending,import_warranty_card,zh-CN,tier1_official
CHK0243,进口保修,Russell Hobbs_RUSS-INV-UK-2027_进口保修卡,进口保修卡,SKU,SKU-RUSS-INV-UK,Russell Hobbs,微波炉/蒸烤一体机,UK,进口商保修协议 + 品牌官方保修条款,采购+法务,xlsx/json,"sku_id,warranty_scope_type,warranty_duration_days,service_network,excluded_failures",极高,待收集,月更,上线前必须替换为真实进口商文档,synthetic_seed,pending,import_warranty_card,zh-CN,tier1_official
CHK0244,进口保修,Russell Hobbs_RUSS-COM-EU-2028_进口保修卡,进口保修卡,SKU,SKU-RUSS-COM-EU,Russell Hobbs,微波炉/蒸烤一体机,EU,进口商保修协议 + 品牌官方保修条款,采购+法务,xlsx/json,"sku_id,warranty_scope_type,warranty_duration_days,service_network,excluded_failures",极高,待收集,月更,上线前必须替换为真实进口商文档,synthetic_seed,pending,import_warranty_card,zh-CN,tier1_official
CHK0245,进口保修,Russell Hobbs_RUSS-GRL-US-2029_进口保修卡,进口保修卡,SKU,SKU-RUSS-GRL-US,Russell Hobbs,微波炉/蒸烤一体机,US,进口商保修协议 + 品牌官方保修条款,采购+法务,xlsx/json,"sku_id,warranty_scope_type,warranty_duration_days,service_network,excluded_failures",极高,待收集,月更,上线前必须替换为真实进口商文档,synthetic_seed,pending,import_warranty_card,zh-CN,tier1_official
CHK0246,进口保修,Elica_ELIC-HOD-US-2027_进口保修卡,进口保修卡,SKU,SKU-ELIC-HOD-US,Elica,烟机/电磁灶,US,进口商保修协议 + 品牌官方保修条款,采购+法务,xlsx/json,"sku_id,warranty_scope_type,warranty_duration_days,service_network,excluded_failures",极高,待收集,月更,上线前必须替换为真实进口商文档,synthetic_seed,pending,import_warranty_card,zh-CN,tier1_official
CHK0247,进口保修,Elica_ELIC-IDC-EU-2028_进口保修卡,进口保修卡,SKU,SKU-ELIC-IDC-EU,Elica,烟机/电磁灶,EU,进口商保修协议 + 品牌官方保修条款,采购+法务,xlsx/json,"sku_id,warranty_scope_type,warranty_duration_days,service_network,excluded_failures",极高,待收集,月更,上线前必须替换为真实进口商文档,synthetic_seed,pending,import_warranty_card,zh-CN,tier1_official
CHK0248,进口保修,Elica_ELIC-DOW-UK-2029_进口保修卡,进口保修卡,SKU,SKU-ELIC-DOW-UK,Elica,烟机/电磁灶,UK,进口商保修协议 + 品牌官方保修条款,采购+法务,xlsx/json,"sku_id,warranty_scope_type,warranty_duration_days,service_network,excluded_failures",极高,待收集,月更,上线前必须替换为真实进口商文档,synthetic_seed,pending,import_warranty_card,zh-CN,tier1_official
CHK0249,进口保修,Bertazzoni_BERT-HOD-US-2027_进口保修卡,进口保修卡,SKU,SKU-BERT-HOD-US,Bertazzoni,烟机/电磁灶,US,进口商保修协议 + 品牌官方保修条款,采购+法务,xlsx/json,"sku_id,warranty_scope_type,warranty_duration_days,service_network,excluded_failures",极高,待收集,月更,上线前必须替换为真实进口商文档,synthetic_seed,pending,import_warranty_card,zh-CN,tier1_official
CHK0250,进口保修,Bertazzoni_BERT-IDC-EU-2028_进口保修卡,进口保修卡,SKU,SKU-BERT-IDC-EU,Bertazzoni,烟机/电磁灶,EU,进口商保修协议 + 品牌官方保修条款,采购+法务,xlsx/json,"sku_id,warranty_scope_type,warranty_duration_days,service_network,excluded_failures",极高,待收集,月更,上线前必须替换为真实进口商文档,synthetic_seed,pending,import_warranty_card,zh-CN,tier1_official
CHK0251,进口保修,Bertazzoni_BERT-DOW-UK-2029_进口保修卡,进口保修卡,SKU,SKU-BERT-DOW-UK,Bertazzoni,烟机/电磁灶,UK,进口商保修协议 + 品牌官方保修条款,采购+法务,xlsx/json,"sku_id,warranty_scope_type,warranty_duration_days,service_network,excluded_failures",极高,待收集,月更,上线前必须替换为真实进口商文档,synthetic_seed,pending,import_warranty_card,zh-CN,tier1_official
CHK0252,进口保修,Dualit_DUAL-KTL-UK-2027_进口保修卡,进口保修卡,SKU,SKU-DUAL-KTL-UK,Dualit,电热水壶/厨师机/食物处理,UK,进口商保修协议 + 品牌官方保修条款,采购+法务,xlsx/json,"sku_id,warranty_scope_type,warranty_duration_days,service_network,excluded_failures",极高,待收集,月更,上线前必须替换为真实进口商文档,synthetic_seed,pending,import_warranty_card,zh-CN,tier1_official
CHK0253,进口保修,Dualit_DUAL-MIX-EU-2028_进口保修卡,进口保修卡,SKU,SKU-DUAL-MIX-EU,Dualit,电热水壶/厨师机/食物处理,EU,进口商保修协议 + 品牌官方保修条款,采购+法务,xlsx/json,"sku_id,warranty_scope_type,warranty_duration_days,service_network,excluded_failures",极高,待收集,月更,上线前必须替换为真实进口商文档,synthetic_seed,pending,import_warranty_card,zh-CN,tier1_official
CHK0254,进口保修,Dualit_DUAL-PRC-US-2029_进口保修卡,进口保修卡,SKU,SKU-DUAL-PRC-US,Dualit,电热水壶/厨师机/食物处理,US,进口商保修协议 + 品牌官方保修条款,采购+法务,xlsx/json,"sku_id,warranty_scope_type,warranty_duration_days,service_network,excluded_failures",极高,待收集,月更,上线前必须替换为真实进口商文档,synthetic_seed,pending,import_warranty_card,zh-CN,tier1_official
CHK0255,进口保修,Kenwood_KENW-KTL-UK-2027_进口保修卡,进口保修卡,SKU,SKU-KENW-KTL-UK,Kenwood,电热水壶/厨师机/食物处理,UK,进口商保修协议 + 品牌官方保修条款,采购+法务,xlsx/json,"sku_id,warranty_scope_type,warranty_duration_days,service_network,excluded_failures",极高,待收集,月更,上线前必须替换为真实进口商文档,synthetic_seed,pending,import_warranty_card,zh-CN,tier1_official
CHK0256,进口保修,Kenwood_KENW-MIX-EU-2028_进口保修卡,进口保修卡,SKU,SKU-KENW-MIX-EU,Kenwood,电热水壶/厨师机/食物处理,EU,进口商保修协议 + 品牌官方保修条款,采购+法务,xlsx/json,"sku_id,warranty_scope_type,warranty_duration_days,service_network,excluded_failures",极高,待收集,月更,上线前必须替换为真实进口商文档,synthetic_seed,pending,import_warranty_card,zh-CN,tier1_official
CHK0257,进口保修,Kenwood_KENW-PRC-AE-2029_进口保修卡,进口保修卡,SKU,SKU-KENW-PRC-AE,Kenwood,电热水壶/厨师机/食物处理,AE,进口商保修协议 + 品牌官方保修条款,采购+法务,xlsx/json,"sku_id,warranty_scope_type,warranty_duration_days,service_network,excluded_failures",极高,待收集,月更,上线前必须替换为真实进口商文档,synthetic_seed,pending,import_warranty_card,zh-CN,tier1_official
CHK0258,运输时效,全自动/半自动咖啡机_运输时效说明卡,运输时效卡,品类,,,全自动/半自动咖啡机,CN,物流运营系统 + 海关清关台账,物流运营,xlsx/json,"category,origin_hub,transport_mode,typical_eta_days_min,typical_eta_days_max",中,待收集,月更,上线前必须替换为真实进口商文档,synthetic_seed,pending,shipping_eta_card,zh-CN,tier1_official
CHK0259,运输时效,台式烤箱/空气炸烤箱_运输时效说明卡,运输时效卡,品类,,,台式烤箱/空气炸烤箱,CN,物流运营系统 + 海关清关台账,物流运营,xlsx/json,"category,origin_hub,transport_mode,typical_eta_days_min,typical_eta_days_max",中,待收集,月更,上线前必须替换为真实进口商文档,synthetic_seed,pending,shipping_eta_card,zh-CN,tier1_official
CHK0260,运输时效,洗碗机_运输时效说明卡,运输时效卡,品类,,,洗碗机,CN,物流运营系统 + 海关清关台账,物流运营,xlsx/json,"category,origin_hub,transport_mode,typical_eta_days_min,typical_eta_days_max",中,待收集,月更,上线前必须替换为真实进口商文档,synthetic_seed,pending,shipping_eta_card,zh-CN,tier1_official
CHK0261,运输时效,冰箱/酒柜_运输时效说明卡,运输时效卡,品类,,,冰箱/酒柜,CN,物流运营系统 + 海关清关台账,物流运营,xlsx/json,"category,origin_hub,transport_mode,typical_eta_days_min,typical_eta_days_max",中,待收集,月更,上线前必须替换为真实进口商文档,synthetic_seed,pending,shipping_eta_card,zh-CN,tier1_official
CHK0262,运输时效,洗衣机/烘干机_运输时效说明卡,运输时效卡,品类,,,洗衣机/烘干机,CN,物流运营系统 + 海关清关台账,物流运营,xlsx/json,"category,origin_hub,transport_mode,typical_eta_days_min,typical_eta_days_max",中,待收集,月更,上线前必须替换为真实进口商文档,synthetic_seed,pending,shipping_eta_card,zh-CN,tier1_official
CHK0263,运输时效,地面清洁设备_运输时效说明卡,运输时效卡,品类,,,地面清洁设备,CN,物流运营系统 + 海关清关台账,物流运营,xlsx/json,"category,origin_hub,transport_mode,typical_eta_days_min,typical_eta_days_max",中,待收集,月更,上线前必须替换为真实进口商文档,synthetic_seed,pending,shipping_eta_card,zh-CN,tier1_official
CHK0264,运输时效,空气净化器_运输时效说明卡,运输时效卡,品类,,,空气净化器,CN,物流运营系统 + 海关清关台账,物流运营,xlsx/json,"category,origin_hub,transport_mode,typical_eta_days_min,typical_eta_days_max",中,待收集,月更,上线前必须替换为真实进口商文档,synthetic_seed,pending,shipping_eta_card,zh-CN,tier1_official
CHK0265,运输时效,微波炉/蒸烤一体机_运输时效说明卡,运输时效卡,品类,,,微波炉/蒸烤一体机,CN,物流运营系统 + 海关清关台账,物流运营,xlsx/json,"category,origin_hub,transport_mode,typical_eta_days_min,typical_eta_days_max",中,待收集,月更,上线前必须替换为真实进口商文档,synthetic_seed,pending,shipping_eta_card,zh-CN,tier1_official
CHK0266,运输时效,烟机/电磁灶_运输时效说明卡,运输时效卡,品类,,,烟机/电磁灶,CN,物流运营系统 + 海关清关台账,物流运营,xlsx/json,"category,origin_hub,transport_mode,typical_eta_days_min,typical_eta_days_max",中,待收集,月更,上线前必须替换为真实进口商文档,synthetic_seed,pending,shipping_eta_card,zh-CN,tier1_official
CHK0267,运输时效,电热水壶/厨师机/食物处理_运输时效说明卡,运输时效卡,品类,,,电热水壶/厨师机/食物处理,CN,物流运营系统 + 海关清关台账,物流运营,xlsx/json,"category,origin_hub,transport_mode,typical_eta_days_min,typical_eta_days_max",中,待收集,月更,上线前必须替换为真实进口商文档,synthetic_seed,pending,shipping_eta_card,zh-CN,tier1_official
CHK0268,带出国使用,De'Longhi_DELO-Caps-UK-2029_带出国使用卡,带出国使用卡,SKU,SKU-DELO-Caps-UK,De'Longhi,全自动/半自动咖啡机,"SG,MY,JP,TH,KR",进口商兼容卡 + 品牌说明书 + 目标国电力规格,商品运营+技术支持,xlsx/json,"sku_id,target_countries,per_country_verdict,battery_iata_note",高,待收集,月更,上线前必须替换为真实进口商文档,synthetic_seed,pending,travel_use_card,zh-CN,tier1_official
CHK0269,带出国使用,Jura_JURA-Caps-UK-2029_带出国使用卡,带出国使用卡,SKU,SKU-JURA-Caps-UK,Jura,全自动/半自动咖啡机,"SG,MY,JP,TH,KR",进口商兼容卡 + 品牌说明书 + 目标国电力规格,商品运营+技术支持,xlsx/json,"sku_id,target_countries,per_country_verdict,battery_iata_note",高,待收集,月更,上线前必须替换为真实进口商文档,synthetic_seed,pending,travel_use_card,zh-CN,tier1_official
CHK0270,带出国使用,Dyson_DYSO-RVC-US-2027_带出国使用卡,带出国使用卡,SKU,SKU-DYSO-RVC-US,Dyson,地面清洁设备,"SG,MY,JP,TH,KR",进口商兼容卡 + 品牌说明书 + 目标国电力规格,商品运营+技术支持,xlsx/json,"sku_id,target_countries,per_country_verdict,battery_iata_note",高,待收集,月更,上线前必须替换为真实进口商文档,synthetic_seed,pending,travel_use_card,zh-CN,tier1_official
CHK0271,带出国使用,Dyson_DYSO-CDV-EU-2028_带出国使用卡,带出国使用卡,SKU,SKU-DYSO-CDV-EU,Dyson,地面清洁设备,"SG,MY,JP,TH,KR",进口商兼容卡 + 品牌说明书 + 目标国电力规格,商品运营+技术支持,xlsx/json,"sku_id,target_countries,per_country_verdict,battery_iata_note",高,待收集,月更,上线前必须替换为真实进口商文档,synthetic_seed,pending,travel_use_card,zh-CN,tier1_official
CHK0272,带出国使用,Dyson_DYSO-WFW-UK-2029_带出国使用卡,带出国使用卡,SKU,SKU-DYSO-WFW-UK,Dyson,地面清洁设备,"SG,MY,JP,TH,KR",进口商兼容卡 + 品牌说明书 + 目标国电力规格,商品运营+技术支持,xlsx/json,"sku_id,target_countries,per_country_verdict,battery_iata_note",高,待收集,月更,上线前必须替换为真实进口商文档,synthetic_seed,pending,travel_use_card,zh-CN,tier1_official
CHK0273,带出国使用,iRobot_IROB-RVC-US-2027_带出国使用卡,带出国使用卡,SKU,SKU-IROB-RVC-US,iRobot,地面清洁设备,"SG,MY,JP,TH,KR",进口商兼容卡 + 品牌说明书 + 目标国电力规格,商品运营+技术支持,xlsx/json,"sku_id,target_countries,per_country_verdict,battery_iata_note",高,待收集,月更,上线前必须替换为真实进口商文档,synthetic_seed,pending,travel_use_card,zh-CN,tier1_official
CHK0274,带出国使用,iRobot_IROB-CDV-EU-2028_带出国使用卡,带出国使用卡,SKU,SKU-IROB-CDV-EU,iRobot,地面清洁设备,"SG,MY,JP,TH,KR",进口商兼容卡 + 品牌说明书 + 目标国电力规格,商品运营+技术支持,xlsx/json,"sku_id,target_countries,per_country_verdict,battery_iata_note",高,待收集,月更,上线前必须替换为真实进口商文档,synthetic_seed,pending,travel_use_card,zh-CN,tier1_official
CHK0275,带出国使用,iRobot_IROB-WFW-UK-2029_带出国使用卡,带出国使用卡,SKU,SKU-IROB-WFW-UK,iRobot,地面清洁设备,"SG,MY,JP,TH,KR",进口商兼容卡 + 品牌说明书 + 目标国电力规格,商品运营+技术支持,xlsx/json,"sku_id,target_countries,per_country_verdict,battery_iata_note",高,待收集,月更,上线前必须替换为真实进口商文档,synthetic_seed,pending,travel_use_card,zh-CN,tier1_official
CHK0276,带出国使用,Blueair_BLUE-TAP-US-2027_带出国使用卡,带出国使用卡,SKU,SKU-BLUE-TAP-US,Blueair,空气净化器,"SG,MY,JP,TH,KR",进口商兼容卡 + 品牌说明书 + 目标国电力规格,商品运营+技术支持,xlsx/json,"sku_id,target_countries,per_country_verdict,battery_iata_note",高,待收集,月更,上线前必须替换为真实进口商文档,synthetic_seed,pending,travel_use_card,zh-CN,tier1_official
CHK0277,带出国使用,Blueair_BLUE-HEP-EU-2028_带出国使用卡,带出国使用卡,SKU,SKU-BLUE-HEP-EU,Blueair,空气净化器,"SG,MY,JP,TH,KR",进口商兼容卡 + 品牌说明书 + 目标国电力规格,商品运营+技术支持,xlsx/json,"sku_id,target_countries,per_country_verdict,battery_iata_note",高,待收集,月更,上线前必须替换为真实进口商文档,synthetic_seed,pending,travel_use_card,zh-CN,tier1_official
CHK0278,带出国使用,Blueair_BLUE-HMP-UK-2029_带出国使用卡,带出国使用卡,SKU,SKU-BLUE-HMP-UK,Blueair,空气净化器,"SG,MY,JP,TH,KR",进口商兼容卡 + 品牌说明书 + 目标国电力规格,商品运营+技术支持,xlsx/json,"sku_id,target_countries,per_country_verdict,battery_iata_note",高,待收集,月更,上线前必须替换为真实进口商文档,synthetic_seed,pending,travel_use_card,zh-CN,tier1_official
CHK0279,带出国使用,Stadler Form_STAD-TAP-EU-2027_带出国使用卡,带出国使用卡,SKU,SKU-STAD-TAP-EU,Stadler Form,空气净化器,"SG,MY,JP,TH,KR",进口商兼容卡 + 品牌说明书 + 目标国电力规格,商品运营+技术支持,xlsx/json,"sku_id,target_countries,per_country_verdict,battery_iata_note",高,待收集,月更,上线前必须替换为真实进口商文档,synthetic_seed,pending,travel_use_card,zh-CN,tier1_official
CHK0280,带出国使用,Stadler Form_STAD-HEP-UK-2028_带出国使用卡,带出国使用卡,SKU,SKU-STAD-HEP-UK,Stadler Form,空气净化器,"SG,MY,JP,TH,KR",进口商兼容卡 + 品牌说明书 + 目标国电力规格,商品运营+技术支持,xlsx/json,"sku_id,target_countries,per_country_verdict,battery_iata_note",高,待收集,月更,上线前必须替换为真实进口商文档,synthetic_seed,pending,travel_use_card,zh-CN,tier1_official
CHK0281,带出国使用,Stadler Form_STAD-HMP-EU-2029_带出国使用卡,带出国使用卡,SKU,SKU-STAD-HMP-EU,Stadler Form,空气净化器,"SG,MY,JP,TH,KR",进口商兼容卡 + 品牌说明书 + 目标国电力规格,商品运营+技术支持,xlsx/json,"sku_id,target_countries,per_country_verdict,battery_iata_note",高,待收集,月更,上线前必须替换为真实进口商文档,synthetic_seed,pending,travel_use_card,zh-CN,tier1_official
CHK0282,带出国使用,Dualit_DUAL-KTL-UK-2027_带出国使用卡,带出国使用卡,SKU,SKU-DUAL-KTL-UK,Dualit,电热水壶/厨师机/食物处理,"SG,MY,JP,TH,KR",进口商兼容卡 + 品牌说明书 + 目标国电力规格,商品运营+技术支持,xlsx/json,"sku_id,target_countries,per_country_verdict,battery_iata_note",高,待收集,月更,上线前必须替换为真实进口商文档,synthetic_seed,pending,travel_use_card,zh-CN,tier1_official
CHK0283,带出国使用,Dualit_DUAL-MIX-EU-2028_带出国使用卡,带出国使用卡,SKU,SKU-DUAL-MIX-EU,Dualit,电热水壶/厨师机/食物处理,"SG,MY,JP,TH,KR",进口商兼容卡 + 品牌说明书 + 目标国电力规格,商品运营+技术支持,xlsx/json,"sku_id,target_countries,per_country_verdict,battery_iata_note",高,待收集,月更,上线前必须替换为真实进口商文档,synthetic_seed,pending,travel_use_card,zh-CN,tier1_official
CHK0284,带出国使用,Dualit_DUAL-PRC-US-2029_带出国使用卡,带出国使用卡,SKU,SKU-DUAL-PRC-US,Dualit,电热水壶/厨师机/食物处理,"SG,MY,JP,TH,KR",进口商兼容卡 + 品牌说明书 + 目标国电力规格,商品运营+技术支持,xlsx/json,"sku_id,target_countries,per_country_verdict,battery_iata_note",高,待收集,月更,上线前必须替换为真实进口商文档,synthetic_seed,pending,travel_use_card,zh-CN,tier1_official
CHK0285,带出国使用,Kenwood_KENW-KTL-UK-2027_带出国使用卡,带出国使用卡,SKU,SKU-KENW-KTL-UK,Kenwood,电热水壶/厨师机/食物处理,"SG,MY,JP,TH,KR",进口商兼容卡 + 品牌说明书 + 目标国电力规格,商品运营+技术支持,xlsx/json,"sku_id,target_countries,per_country_verdict,battery_iata_note",高,待收集,月更,上线前必须替换为真实进口商文档,synthetic_seed,pending,travel_use_card,zh-CN,tier1_official
CHK0286,带出国使用,Kenwood_KENW-MIX-EU-2028_带出国使用卡,带出国使用卡,SKU,SKU-KENW-MIX-EU,Kenwood,电热水壶/厨师机/食物处理,"SG,MY,JP,TH,KR",进口商兼容卡 + 品牌说明书 + 目标国电力规格,商品运营+技术支持,xlsx/json,"sku_id,target_countries,per_country_verdict,battery_iata_note",高,待收集,月更,上线前必须替换为真实进口商文档,synthetic_seed,pending,travel_use_card,zh-CN,tier1_official
CHK0287,带出国使用,Kenwood_KENW-PRC-AE-2029_带出国使用卡,带出国使用卡,SKU,SKU-KENW-PRC-AE,Kenwood,电热水壶/厨师机/食物处理,"SG,MY,JP,TH,KR",进口商兼容卡 + 品牌说明书 + 目标国电力规格,商品运营+技术支持,xlsx/json,"sku_id,target_countries,per_country_verdict,battery_iata_note",高,待收集,月更,上线前必须替换为真实进口商文档,synthetic_seed,pending,travel_use_card,zh-CN,tier1_official
